Sood_zarar,Ravand_TF 15 min= ,Ravand_TF 1h= ,Ravand_TF 4h= ,Ravand_TF D= ,Ravand_Zstr_TF 15 min= ,Ravand_Zstr_TF 1h= ,Ravand_Zstr_TF 4h= ,Ravand_Zstr_TF D= ,PTL_signal 15 min= ,PTL_signal 1h= ,PTL_signal 4h= ,PTL_signal D= ,PTL_Status 15 min= ,PTL_Status 1h= ,PTL_Status 4h= ,PTL_Status D= ,RSI_Status 15 min= ,RSI_Status 1h= ,RSI_Status 4h= ,RSI_Status D= ,RSI 15 min= ,RSI 1h= ,RSI 4h= ,RSI D= ,MACD_Status 15 min= ,MACD_Status 1h= ,MACD_Status 4h= ,MACD_Status D= ,Stochastic_Status 15 min= ,Stochastic_Status 1h= ,Stochastic_Status 4h= ,Stochastic_Status D= ,Supp_Z_TF 15 min= ,Supp_Z_TF 1h= ,Supp_Z_TF 4h= ,Supp_Z_TF D= ,Ress_Z_TF 15 min= ,Ress_Z_TF 1h= ,Ress_Z_TF 4h= ,Ress_Z_TF D= ,n_bar_Change_ravand_TF 15 min= ,n_bar_Change_ravand_TF 1h= ,n_bar_Change_ravand_TF 4h= ,n_bar_Change_ravand_TF D= ,n_bar_Change_ravand_Zstr 15 min= ,n_bar_Change_ravand_Zstr 1h= ,n_bar_Change_ravand_Zstr 4h= ,n_bar_Change_ravand_Zstr D= ,now_ravand_perc_TF 15 min= ,now_ravand_perc_TF 1h= ,now_ravand_perc_TF 4h= ,now_ravand_perc_TF D= ,sec_ravand_perc_TF 15 min= ,sec_ravand_perc_TF 1h= ,sec_ravand_perc_TF 4h= ,sec_ravand_perc_TF D= ,third_ravand_perc_TF 15 min= ,third_ravand_perc_TF 1h= ,third_ravand_perc_TF 4h= ,third_ravand_perc_TF D= 
0.94,Ravand mobham_Shayad_Kanal,Ravand_Transient Soodi To Nozooli,Ravand mobham_Shayad_Kanal,Ravand_Transient Soodi To Nozooli,Ravand mobham_Shayad_Kanal,Ravand mobham_Shayad_Kanal,Ravand mobham_Shayad_Kanal,Ravand_Transient Soodi To Nozooli,No_newSignal,No_newSignal,No_newSignal,No_newSignal,PTL_isSouodi,PTL_isNeutral,PTL_isSouodi,PTL_isSouodi,Neutral,Neutral,Neutral,OB_Ehtiait_Nozool,51.35373695,55.76768975,65.36025965,74.30715403,Edame_Ravand_Souod,Edame_Ravand_Nozool,Ehtemale_Start_Nozool,Edame_Ravand_Souod,Neutral,Neutral,Neutral,Neutral,0,1.12611,0,1.118993333,0,1.13544,0,1.14732,2,1,4,1,2,15,4,1,0,0,0,0,0.693496036,5.13429061,5.450267458,6.900471461,-1.189109614,-1.638620242,-2.354049809,-2.022968359
2.98,Ravand mobham_Shayad_Kanal,Ravand_Transient Soodi To Nozooli,Ravand mobham_Shayad_Kanal,Ravand_Transient Soodi To Nozooli,Ravand mobham_Shayad_Kanal,Ravand mobham_Shayad_Kanal,Ravand mobham_Shayad_Kanal,Ravand_Transient Soodi To Nozooli,No_newSignal,Buy Signa_StartSouod,No_newSignal,No_newSignal,PTL_isSouodi,PTL_isSouodi,PTL_isSouodi,PTL_isSouodi,Neutral,Neutral,Neutral,OB_Ehtiait_Nozool,63.83715026,60.26645639,68.11979935,76.22628263,Edame_Ravand_Souod,Edame_Ravand_Souod,Edame_Ravand_Souod,Edame_Ravand_Souod,Buy Signa,Neutral,Buy Signa,Neutral,0,1.12611,0,1.118993333,0,1.13704,0,1.14732,4,1,5,1,4,17,5,1,0,0,0,0,0.835387808,5.13429061,5.450267458,6.900471461,-1.189109614,-1.638620242,-2.354049809,-2.022968359
0.1,Ravand_Transient Nozooli To Soodi,Ravand mobham_Shayad_Kanal,Ravand mobham_Shayad_Kanal,Ravand_Transient Soodi To Nozooli,Ravand mobham_Shayad_Kanal,Ravand mobham_Shayad_Kanal,Ravand mobham_Shayad_Kanal,Ravand_Transient Soodi To Nozooli,No_newSignal,No_newSignal,No_newSignal,No_newSignal,PTL_isNozooli,PTL_isSouodi,PTL_isSouodi,PTL_isSouodi,Neutral,Neutral,Neutral,OB_Ehtiait_Nozool,54.77813612,59.35266722,68.19949392,76.26514223,Edame_Ravand_Nozool,Edame_Ravand_Nozool,Edame_Ravand_Souod,Edame_Ravand_Souod,Neutral,Neutral,Buy Signa,Neutral,1.13705,0,0,1.118993333,1.141015,0,0,1.14732,1,2,5,1,6,19,5,1,0,0,0,0,1.172380767,5.13429061,5.450267458,6.900471461,-1.189109614,-1.638620242,-2.354049809,-2.022968359
-0.6,Ravand mobham_Shayad_Kanal,Ravand mobham_Shayad_Kanal,Ravand mobham_Shayad_Kanal,Ravand_Transient Soodi To Nozooli,Ravand mobham_Shayad_Kanal,Ravand mobham_Shayad_Kanal,Ravand mobham_Shayad_Kanal,Ravand_Transient Soodi To Nozooli,No_newSignal,No_newSignal,No_newSignal,No_newSignal,PTL_isNeutral,PTL_isSouodi,PTL_isSouodi,PTL_isSouodi,Neutral,Neutral,Neutral,OB_Ehtiait_Nozool,51.67878467,58.66492735,68.023637,76.17948281,Edame_Ravand_Nozool,Edame_Ravand_Nozool,Ehtemale_Start_Nozool,Edame_Ravand_Souod,Neutral,Neutral,Neutral,Neutral,0,0,0,1.118993333,0,0,0,1.14732,3,4,6,1,14,21,6,1,0,0,0,0,1.172380767,5.13429061,5.450267458,6.900471461,-1.189109614,-1.638620242,-2.354049809,-2.022968359
4.32,Ravand_Transient Soodi To Nozooli,Ravand_Transient Soodi To Nozooli,Ravand mobham_Shayad_Kanal,Ravand_Transient Soodi To Nozooli,Ravand_Transient Soodi To Nozooli,Ravand mobham_Shayad_Kanal,Ravand mobham_Shayad_Kanal,Ravand_Transient Soodi To Nozooli,No_newSignal,No_newSignal,No_newSignal,No_newSignal,PTL_isSouodi,PTL_isSouodi,PTL_isSouodi,PTL_isSouodi,Neutral,Neutral,Vorood_OB_Ehtiait_Nozool,OB_Ehtiait_Nozool,68.65651458,65.30926656,70.61665899,77.38871223,Edame_Ravand_Souod,Edame_Ravand_Souod,Edame_Ravand_Souod,Edame_Ravand_Souod,Buy Signa,Neutral,Neutral,Neutral,1.1337725,1.1390425,0,1.118993333,1.14236,1.14236,0,1.14732,1,1,6,1,1,23,6,1,0,0,0,0,0.626293768,5.13429061,5.450267458,6.900471461,-0.489989832,-1.638620242,-2.354049809,-2.022968359
-3.34,Ravand mobham_Shayad_Kanal,Ravand mobham_Shayad_Kanal,Ravand mobham_Shayad_Kanal,Ravand_Transient Soodi To Nozooli,Ravand mobham_Shayad_Kanal,Ravand mobham_Shayad_Kanal,Ravand mobham_Shayad_Kanal,Ravand_Transient Soodi To Nozooli,No_newSignal,No_newSignal,No_newSignal,No_newSignal,PTL_isNozooli,PTL_isSouodi,PTL_isSouodi,PTL_isSouodi,Neutral,Neutral,Neutral,OB_Ehtiait_Nozool,52.77805256,59.56962555,69.32170945,76.76891259,Edame_Ravand_Nozool,Edame_Ravand_Nozool,Ehtemale_Start_Nozool,Edame_Ravand_Souod,Neutral,Neutral,Neutral,Neutral,0,0,0,1.118993333,0,0,0,1.14732,2,2,7,1,8,25,7,1,0,0,0,0,0.631578947,5.13429061,5.450267458,6.900471461,-0.489989832,-1.638620242,-2.354049809,-2.022968359
-0.4,Ravand mobham_Shayad_Kanal,Ravand_Transient Nozooli To Soodi,Ravand mobham_Shayad_Kanal,Ravand_Transient Soodi To Nozooli,Ravand mobham_Shayad_Kanal,Ravand mobham_Shayad_Kanal,Ravand mobham_Shayad_Kanal,Ravand_Transient Soodi To Nozooli,No_newSignal,No_newSignal,No_newSignal,No_newSignal,PTL_isNozooli,PTL_isSouodi,PTL_isSouodi,PTL_isSouodi,Neutral,Neutral,Neutral,OB_Ehtiait_Nozool,50.93057681,59.04460344,69.13756309,76.68935214,Edame_Ravand_Nozool,Edame_Ravand_Nozool,Ehtemale_Start_Nozool,Edame_Ravand_Souod,Neutral,Neutral,Neutral,Neutral,0,1.13712,0,1.118993333,0,1.14732,0,1.14732,3,1,7,1,3,27,7,1,0,0,0,0,-0.463927452,5.13429061,5.450267458,6.900471461,0.631578947,-1.638620242,-2.354049809,-2.022968359
-4.53,Ravand_Transient Nozooli To Soodi,Ravand_Transient Nozooli To Soodi,Ravand mobham_Shayad_Kanal,Ravand_Transient Soodi To Nozooli,Ravand_Transient Nozooli To Soodi,Ravand_Transient Nozooli To Soodi,Ravand mobham_Shayad_Kanal,Ravand_Transient Soodi To Nozooli,No_newSignal,Sell Signal_StartNozool,No_newSignal,No_newSignal,PTL_isNozooli,PTL_isNozooli,PTL_isSouodi,PTL_isSouodi,Neutral,Neutral,Neutral,OB_Ehtiait_Nozool,35.85560436,48.57715311,63.51771015,74.94598383,Edame_Ravand_Nozool,Edame_Ravand_Nozool,Edame_Ravand_Nozool,Edame_Ravand_Souod,Buy Signa,OS_Ehtiait_Souod,Neutral,Neutral,1.13341,1.13341,0,1.118993333,1.136424286,1.14732,0,1.14732,1,1,8,1,1,1,8,1,0,0,0,0,-0.788676669,-1.212390615,5.450267458,6.900471461,0.631578947,5.13429061,-2.354049809,-2.022968359
2.93,Ravand_Transient Soodi To Nozooli,Ravand mobham_Shayad_Kanal,Ravand Nozooli,Ravand_Transient Soodi To Nozooli,Ravand mobham_Shayad_Kanal,Ravand mobham_Shayad_Kanal,Ravand mobham_Shayad_Kanal,Ravand_Transient Soodi To Nozooli,Buy Signa_StartSouod,No_newSignal,No_newSignal,No_newSignal,PTL_isSouodi,PTL_isNozooli,PTL_isSouodi,PTL_isSouodi,Neutral,Neutral,Neutral,OB_Ehtiait_Nozool,52.48484005,53.78662033,65.19626689,76.18208764,Edame_Ravand_Souod,Edame_Ravand_Nozool,Edame_Ravand_Nozool,Edame_Ravand_Souod,OB_Ehtiait_Nozool,Neutral,Neutral,Neutral,1.136185714,0,1.11425,1.118993333,1.13675,0,1.14732,1.14732,1,2,8,1,8,2,8,1,0,0,0,0,-1.125680573,-1.547955235,5.450267458,6.900471461,0.631578947,5.13429061,-2.354049809,-2.022968359
-2.83,Ravand_Transient Nozooli To Soodi,Ravand mobham_Shayad_Kanal,Ravand_Transient Nozooli To Soodi,Ravand_Transient Soodi To Nozooli,Ravand mobham_Shayad_Kanal,Ravand mobham_Shayad_Kanal,Ravand mobham_Shayad_Kanal,Ravand_Transient Soodi To Nozooli,Sell Signal_StartNozool,No_newSignal,No_newSignal,No_newSignal,PTL_isNozooli,PTL_isNozooli,PTL_isNeutral,PTL_isSouodi,Neutral,Neutral,Neutral,OB_Ehtiait_Nozool,44.63551224,49.26133872,63.3477489,75.13645906,Edame_Ravand_Nozool,Edame_Ravand_Nozool,Edame_Ravand_Nozool,Edame_Ravand_Souod,Buy Signa,Sell Signal,Neutral,Neutral,1.136091667,0,1.12956,1.118993333,1.138285,0,1.14732,1.14732,1,4,1,1,5,4,9,1,0,0,0,0,0.760473105,-1.547955235,5.450267458,6.900471461,-1.125680573,5.13429061,-2.354049809,-2.022968359
1.1,Ravand_Transient Soodi To Nozooli,Ravand mobham_Shayad_Kanal,Ravand_Transient Nozooli To Soodi,Ravand_Transient Soodi To Nozooli,Ravand mobham_Shayad_Kanal,Ravand mobham_Shayad_Kanal,Ravand mobham_Shayad_Kanal,Ravand_Transient Soodi To Nozooli,Buy Signa_StartSouod,No_newSignal,No_newSignal,No_newSignal,PTL_isSouodi,PTL_isNozooli,PTL_isNeutral,PTL_isSouodi,Neutral,Neutral,Neutral,OB_Ehtiait_Nozool,50.36946963,51.15926516,63.9956501,75.79834494,Edame_Ravand_Souod,Edame_Ravand_Nozool,Edame_Ravand_Nozool,Edame_Ravand_Souod,Sell Signal,Buy Signa,Neutral,Neutral,1.132256,0,1.12956,1.118993333,1.13568,0,1.14732,1.14732,1,6,1,1,5,6,9,1,0,0,0,0,-0.469182445,-1.547955235,5.450267458,6.900471461,0.760473105,5.13429061,-2.354049809,-2.022968359
-1.13,Ravand mobham_Shayad_Kanal,Ravand mobham_Shayad_Kanal,Ravand mobham_Shayad_Kanal,Ravand mobham_Shayad_Kanal,Ravand mobham_Shayad_Kanal,Ravand mobham_Shayad_Kanal,Ravand mobham_Shayad_Kanal,Ravand mobham_Shayad_Kanal,No_newSignal,No_newSignal,No_newSignal,No_newSignal,PTL_isSouodi,PTL_isNozooli,PTL_isNeutral,PTL_isSouodi,Neutral,Neutral,Neutral,OB_Ehtiait_Nozool,45.20333724,49.32373855,63.19616032,75.23366095,Edame_Ravand_Nozool,Edame_Ravand_Nozool,Edame_Ravand_Nozool,Edame_Ravand_Souod,Buy Signa,Sell Signal,Neutral,Sell Signal,0,0,0,0,0,0,0,0,2,8,2,2,6,8,10,2,0,0,0,0,0.364580115,-1.547955235,5.450267458,6.900471461,-0.469182445,5.13429061,-2.354049809,-2.022968359
0.2,Ravand mobham_Shayad_Kanal,Ravand mobham_Shayad_Kanal,Ravand mobham_Shayad_Kanal,Ravand mobham_Shayad_Kanal,Ravand mobham_Shayad_Kanal,Ravand mobham_Shayad_Kanal,Ravand mobham_Shayad_Kanal,Ravand mobham_Shayad_Kanal,No_newSignal,No_newSignal,No_newSignal,No_newSignal,PTL_isSouodi,PTL_isNozooli,PTL_isNeutral,PTL_isSouodi,Neutral,Neutral,Neutral,OB_Ehtiait_Nozool,50.61355233,51.20409216,64.02895208,75.73156454,Edame_Ravand_Souod,Edame_Ravand_Nozool,Edame_Ravand_Nozool,Edame_Ravand_Souod,Neutral,Sell Signal,Buy Signa,Sell Signal,0,0,0,0,0,0,0,0,4,10,2,2,14,10,10,2,0,0,0,0,0.364580115,-1.547955235,5.450267458,6.900471461,-0.469182445,5.13429061,-2.354049809,-2.022968359
-2.31,Ravand mobham_Shayad_Kanal,Ravand mobham_Shayad_Kanal,Ravand mobham_Shayad_Kanal,Ravand mobham_Shayad_Kanal,Ravand mobham_Shayad_Kanal,Ravand mobham_Shayad_Kanal,Ravand mobham_Shayad_Kanal,Ravand mobham_Shayad_Kanal,No_newSignal,No_newSignal,No_newSignal,No_newSignal,PTL_isNeutral,PTL_isNozooli,PTL_isNeutral,PTL_isSouodi,Neutral,Neutral,Neutral,OB_Ehtiait_Nozool,41.33345049,45.56044997,61.27506606,73.91261394,Ehtemale_Start_Souod,Edame_Ravand_Nozool,Edame_Ravand_Nozool,Edame_Ravand_Souod,Neutral,Neutral,Buy Signa,Sell Signal,0,0,0,0,0,0,0,0,2,12,3,2,2,12,11,2,0,0,0,0,-0.4635249,-1.547955235,5.450267458,6.900471461,0.364580115,5.13429061,-2.354049809,-2.022968359
1.85,Ravand_Transient Soodi To Nozooli,Ravand mobham_Shayad_Kanal,Ravand mobham_Shayad_Kanal,Ravand mobham_Shayad_Kanal,Ravand_Transient Soodi To Nozooli,Ravand mobham_Shayad_Kanal,Ravand mobham_Shayad_Kanal,Ravand mobham_Shayad_Kanal,No_newSignal,No_newSignal,No_newSignal,No_newSignal,PTL_isSouodi,PTL_isNozooli,PTL_isNeutral,PTL_isSouodi,Neutral,Neutral,Neutral,OB_Ehtiait_Nozool,56.66563286,51.12356931,62.77526116,75.61205893,Edame_Ravand_Souod,Edame_Ravand_Souod,Edame_Ravand_Nozool,Edame_Ravand_Souod,OB_Ehtiait_Nozool,Neutral,Buy Signa,Sell Signal,1.132071429,0,0,0,1.1352,0,0,0,1,14,3,2,1,14,11,2,0,0,0,0,0.322566391,-1.547955235,5.450267458,6.900471461,-0.474079547,5.13429061,-2.354049809,-2.022968359
0.51,Ravand_Transient Soodi To Nozooli,Ravand_Transient Soodi To Nozooli,Ravand mobham_Shayad_Kanal,Ravand mobham_Shayad_Kanal,Ravand_Transient Soodi To Nozooli,Ravand mobham_Shayad_Kanal,Ravand mobham_Shayad_Kanal,Ravand mobham_Shayad_Kanal,No_newSignal,No_newSignal,No_newSignal,No_newSignal,PTL_isSouodi,PTL_isNeutral,PTL_isNeutral,PTL_isSouodi,Neutral,Neutral,Neutral,OB_Ehtiait_Nozool,60.97260176,53.49945193,63.43193218,75.87251788,Edame_Ravand_Souod,Edame_Ravand_Souod,Edame_Ravand_Nozool,Edame_Ravand_Souod,Sell Signal,OB_Ehtiait_Nozool,Neutral,Sell Signal,1.132071429,1.12726,0,0,1.13629,1.13629,0,0,1,1,4,2,1,16,12,2,0,0,0,0,0.418894437,-1.547955235,5.450267458,6.900471461,-0.474079547,5.13429061,-2.354049809,-2.022968359
-2.46,Ravand mobham_Shayad_Kanal,Ravand mobham_Shayad_Kanal,Ravand mobham_Shayad_Kanal,Ravand mobham_Shayad_Kanal,Ravand mobham_Shayad_Kanal,Ravand mobham_Shayad_Kanal,Ravand mobham_Shayad_Kanal,Ravand mobham_Shayad_Kanal,No_newSignal,No_newSignal,No_newSignal,No_newSignal,PTL_isNozooli,PTL_isNozooli,PTL_isNeutral,PTL_isSouodi,Neutral,Neutral,Neutral,OB_Ehtiait_Nozool,38.4839205,46.03439366,60.1377795,74.07737478,Edame_Ravand_Nozool,Edame_Ravand_Nozool,Edame_Ravand_Nozool,Edame_Ravand_Souod,OS_Ehtiait_Souod,Neutral,Sell Signal,Sell Signal,0,0,0,0,0,0,0,0,2,2,4,2,2,18,12,2,0,0,0,0,-0.35100066,-1.547955235,5.450267458,6.900471461,0.45954664,5.13429061,-2.354049809,-2.022968359
1.37,Ravand mobham_Shayad_Kanal,Ravand_Transient Soodi To Nozooli,Ravand mobham_Shayad_Kanal,Ravand mobham_Shayad_Kanal,Ravand mobham_Shayad_Kanal,Ravand_Transient Soodi To Nozooli,Ravand mobham_Shayad_Kanal,Ravand mobham_Shayad_Kanal,No_newSignal,No_newSignal,No_newSignal,No_newSignal,PTL_isNeutral,PTL_isNozooli,PTL_isNeutral,PTL_isSouodi,Neutral,Neutral,Neutral,OB_Ehtiait_Nozool,47.41138768,49.26013966,61.56039274,75.09943503,Edame_Ravand_Nozool,Edame_Ravand_Nozool,Edame_Ravand_Nozool,Edame_Ravand_Souod,Neutral,Buy Signa,Neutral,Sell Signal,0,1.12726,0,0,0,1.13787,0,0,4,1,5,2,4,1,13,2,0,0,0,0,0.515887388,0.735684691,5.450267458,6.900471461,-0.415218826,-1.547955235,-2.354049809,-2.022968359
-0.13,Ravand mobham_Shayad_Kanal,Ravand mobham_Shayad_Kanal,Ravand mobham_Shayad_Kanal,Ravand mobham_Shayad_Kanal,Ravand mobham_Shayad_Kanal,Ravand mobham_Shayad_Kanal,Ravand mobham_Shayad_Kanal,Ravand mobham_Shayad_Kanal,No_newSignal,No_newSignal,No_newSignal,No_newSignal,PTL_isNeutral,PTL_isNozooli,PTL_isNeutral,PTL_isSouodi,Neutral,Neutral,Neutral,OB_Ehtiait_Nozool,49.29213784,49.5730049,61.64326896,75.15306788,Edame_Ravand_Souod,Edame_Ravand_Nozool,Edame_Ravand_Nozool,Edame_Ravand_Souod,Neutral,Neutral,Neutral,Sell Signal,0,0,0,0,0,0,0,0,2,3,5,2,2,3,13,2,0,0,0,0,-0.411294788,0.735684691,5.450267458,6.900471461,0.515887388,-1.547955235,-2.354049809,-2.022968359
-2.79,Ravand_Transient Nozooli To Soodi,Ravand_Transient Nozooli To Soodi,Ravand mobham_Shayad_Kanal,Ravand mobham_Shayad_Kanal,Ravand_Transient Nozooli To Soodi,Ravand_Transient Nozooli To Soodi,Ravand mobham_Shayad_Kanal,Ravand mobham_Shayad_Kanal,No_newSignal,No_newSignal,No_newSignal,No_newSignal,PTL_isNozooli,PTL_isNozooli,PTL_isNeutral,PTL_isSouodi,Neutral,Neutral,Neutral,OB_Ehtiait_Nozool,37.62285174,42.22413117,57.79743055,72.63715956,Edame_Ravand_Nozool,Edame_Ravand_Nozool,Edame_Ravand_Nozool,Edame_Ravand_Souod,Neutral,Neutral,Neutral,Sell Signal,1.13084,1.13084,0,0,1.135701,1.13882,0,0,1,1,6,2,1,1,14,2,0,0,0,0,-0.617821016,-0.617821016,5.450267458,6.900471461,0.515887388,0.735684691,-2.354049809,-2.022968359
1.82,Ravand_Transient Soodi To Nozooli,Ravand_Transient Nozooli To Soodi,Ravand Nozooli,Ravand mobham_Shayad_Kanal,Ravand mobham_Shayad_Kanal,Ravand_Transient Nozooli To Soodi,Ravand mobham_Shayad_Kanal,Ravand mobham_Shayad_Kanal,Buy Signa_StartSouod,No_newSignal,No_newSignal,No_newSignal,PTL_isSouodi,PTL_isNozooli,PTL_isNeutral,PTL_isSouodi,Neutral,Neutral,Neutral,OB_Ehtiait_Nozool,51.22839892,46.69020232,59.04656813,73.79167943,Edame_Ravand_Souod,Ehtemale_Start_Souod,Edame_Ravand_Nozool,Edame_Ravand_Souod,Neutral,Neutral,Neutral,Sell Signal,1.128485,1.12856,1.11425,0,1.1329,1.13882,1.14732,0,1,1,14,2,3,1,14,2,0,0,0,0,-0.8181954,-0.8181954,5.450267458,6.900471461,0.515887388,0.735684691,-2.354049809,-2.022968359
-5.43,Ravand mobham_Shayad_Kanal,Ravand_Transient Nozooli To Soodi,Ravand_Transient Nozooli To Soodi,Ravand mobham_Shayad_Kanal,Ravand mobham_Shayad_Kanal,Ravand_Transient Nozooli To Soodi,Ravand_Transient Nozooli To Soodi,Ravand mobham_Shayad_Kanal,No_newSignal,No_newSignal,Sell Signal_StartNozool,No_newSignal,PTL_isNozooli,PTL_isNozooli,PTL_isNozooli,PTL_isSouodi,Neutral,Neutral,Neutral,Exit_OB_Signal_Nozool,32.71502461,34.30802688,52.70442028,69.19815033,Edame_Ravand_Nozool,Edame_Ravand_Nozool,Edame_Ravand_Nozool,Edame_Ravand_Souod,Neutral,Neutral,Neutral,Sell Signal,0,1.12639,1.12639,0,0,1.13882,1.14732,0,2,1,1,2,2,1,1,2,0,0,0,0,-1.008902599,-1.008902599,-1.824251299,6.900471461,0.515887388,0.735684691,5.450267458,-2.022968359
0.01,Ravand mobham_Shayad_Kanal,Ravand mobham_Shayad_Kanal,Ravand_Transient Nozooli To Soodi,Ravand mobham_Shayad_Kanal,Ravand mobham_Shayad_Kanal,Ravand mobham_Shayad_Kanal,Ravand_Transient Nozooli To Soodi,Ravand mobham_Shayad_Kanal,No_newSignal,No_newSignal,Sell Signal_StartNozool,No_newSignal,PTL_isNozooli,PTL_isNozooli,PTL_isNozooli,PTL_isSouodi,Neutral,Neutral,Neutral,Exit_OB_Signal_Nozool,38.37834185,34.79222927,52.88090138,69.31209422,Edame_Ravand_Souod,Edame_Ravand_Nozool,Edame_Ravand_Nozool,Edame_Ravand_Souod,Neutral,OS_Ehtiait_Souod,Neutral,Sell Signal,0,0,1.12639,0,0,0,1.14732,0,2,3,1,2,10,3,1,2,0,0,0,0,-1.008902599,-1.008902599,-1.824251299,6.900471461,0.515887388,0.735684691,5.450267458,-2.022968359
0.67,Ravand_Transient_Ravand_Mobham,Ravand mobham_Shayad_Kanal,Ravand mobham_Shayad_Kanal,Ravand mobham_Shayad_Kanal,Ravand mobham_Shayad_Kanal,Ravand mobham_Shayad_Kanal,Ravand mobham_Shayad_Kanal,Ravand mobham_Shayad_Kanal,No_newSignal,No_newSignal,No_newSignal,No_newSignal,PTL_isNeutral,PTL_isNozooli,PTL_isNozooli,PTL_isSouodi,Neutral,Neutral,Neutral,Neutral,44.53221425,38.14085746,53.6436651,69.75372025,Edame_Ravand_Souod,Edame_Ravand_Nozool,Edame_Ravand_Nozool,Edame_Ravand_Souod,Neutral,Neutral,Buy Signa,Neutral,0,0,0,0,0,0,0,0,1,5,2,3,2,5,2,3,0,0,0,0,0.225499161,-1.008902599,-1.824251299,6.900471461,-1.008902599,0.735684691,5.450267458,-2.022968359
1.07,Ravand mobham_Shayad_Kanal,Ravand_Transient Soodi To Nozooli,Ravand mobham_Shayad_Kanal,Ravand mobham_Shayad_Kanal,Ravand mobham_Shayad_Kanal,Ravand mobham_Shayad_Kanal,Ravand mobham_Shayad_Kanal,Ravand mobham_Shayad_Kanal,No_newSignal,No_newSignal,No_newSignal,No_newSignal,PTL_isSouodi,PTL_isNeutral,PTL_isNozooli,PTL_isSouodi,Neutral,Neutral,Neutral,Vorood_OB_Ehtiait_Nozool,55.66985473,43.86198962,55.20478286,70.27143634,Edame_Ravand_Souod,Edame_Ravand_Souod,Edame_Ravand_Nozool,Edame_Ravand_Souod,Buy Signa,Neutral,Buy Signa,Neutral,0,1.11425,0,0,0,1.1299,0,0,3,1,2,3,3,7,2,3,0,0,0,0,0.311614982,-1.008902599,-1.824251299,6.900471461,-1.008902599,0.735684691,5.450267458,-2.022968359
2.96,Ravand mobham_Shayad_Kanal,Ravand_Transient Soodi To Nozooli,Ravand mobham_Shayad_Kanal,Ravand mobham_Shayad_Kanal,Ravand mobham_Shayad_Kanal,Ravand mobham_Shayad_Kanal,Ravand mobham_Shayad_Kanal,Ravand mobham_Shayad_Kanal,No_newSignal,Buy Signa_StartSouod,No_newSignal,No_newSignal,PTL_isSouodi,PTL_isSouodi,PTL_isNozooli,PTL_isSouodi,Neutral,Neutral,Neutral,Vorood_OB_Ehtiait_Nozool,68.98698601,52.30404324,57.56699707,71.08290922,Edame_Ravand_Souod,Edame_Ravand_Souod,Edame_Ravand_Nozool,Edame_Ravand_Souod,Buy Signa,OB_Ehtiait_Nozool,Neutral,Neutral,0,1.11425,0,0,0,1.13213,0,0,2,1,3,3,2,9,3,3,0,0,0,0,0.509592592,-1.008902599,-1.824251299,6.900471461,-1.008902599,0.735684691,5.450267458,-2.022968359
0.85,Ravand mobham_Shayad_Kanal,Ravand_Transient Soodi To Nozooli,Ravand mobham_Shayad_Kanal,Ravand mobham_Shayad_Kanal,Ravand mobham_Shayad_Kanal,Ravand_Transient Soodi To Nozooli,Ravand mobham_Shayad_Kanal,Ravand mobham_Shayad_Kanal,No_newSignal,No_newSignal,No_newSignal,No_newSignal,PTL_isSouodi,PTL_isSouodi,PTL_isNozooli,PTL_isSouodi,Neutral,Neutral,Neutral,Vorood_OB_Ehtiait_Nozool,68.38331876,54.7886932,58.35533145,71.34578859,Edame_Ravand_Nozool,Edame_Ravand_Souod,Edame_Ravand_Nozool,Edame_Ravand_Souod,Sell Signal,OB_Ehtiait_Nozool,Neutral,Neutral,0,1.1270425,0,0,0,1.13315,0,0,2,1,3,3,2,1,3,3,0,0,0,0,0.600147373,0.600147373,-1.824251299,6.900471461,-1.008902599,-1.008902599,5.450267458,-2.022968359
1.53,Ravand_Transient Soodi To Nozooli,Ravand_Transient Soodi To Nozooli,Ravand mobham_Shayad_Kanal,Ravand mobham_Shayad_Kanal,Ravand_Transient Soodi To Nozooli,Ravand_Transient Soodi To Nozooli,Ravand mobham_Shayad_Kanal,Ravand mobham_Shayad_Kanal,No_newSignal,No_newSignal,No_newSignal,No_newSignal,PTL_isSouodi,PTL_isSouodi,PTL_isNeutral,PTL_isSouodi,OB_Ehtiait_Nozool,Neutral,Neutral,Vorood_OB_Ehtiait_Nozool,72.30399109,60.17069731,60.05993342,71.9317185,Edame_Ravand_Souod,Edame_Ravand_Souod,Edame_Ravand_Nozool,Edame_Ravand_Souod,Neutral,OB_Ehtiait_Nozool,Neutral,Neutral,1.13209,1.1270425,0,0,1.13475,1.13475,0,0,1,1,4,3,1,1,4,3,0,0,0,0,0.742194089,0.742194089,-1.824251299,6.900471461,-1.008902599,-1.008902599,5.450267458,-2.022968359
1.85,Ravand mobham_Shayad_Kanal,Ravand mobham_Shayad_Kanal,Ravand Soodi,Ravand mobham_Shayad_Kanal,Ravand mobham_Shayad_Kanal,Ravand mobham_Shayad_Kanal,Ravand mobham_Shayad_Kanal,Ravand mobham_Shayad_Kanal,No_newSignal,No_newSignal,No_newSignal,No_newSignal,PTL_isNeutral,PTL_isSouodi,PTL_isNeutral,PTL_isSouodi,Neutral,Neutral,Neutral,Vorood_OB_Ehtiait_Nozool,62.27127816,60.50012946,61.37745906,72.36914103,Edame_Ravand_Nozool,Edame_Ravand_Souod,Edame_Ravand_Nozool,Edame_Ravand_Souod,Neutral,Neutral,Neutral,Neutral,0,0,1.12639,0,0,0,1.14732,0,5,2,4,3,5,2,4,3,0,0,0,0,1.076003871,1.076003871,-1.824251299,6.900471461,-1.008902599,-1.008902599,5.450267458,-2.022968359
0.01,Ravand mobham_Shayad_Kanal,Ravand mobham_Shayad_Kanal,Ravand_Transient Soodi To Nozooli,Ravand mobham_Shayad_Kanal,Ravand mobham_Shayad_Kanal,Ravand mobham_Shayad_Kanal,Ravand mobham_Shayad_Kanal,Ravand mobham_Shayad_Kanal,No_newSignal,No_newSignal,No_newSignal,No_newSignal,PTL_isNozooli,PTL_isSouodi,PTL_isNeutral,PTL_isSouodi,Neutral,Neutral,Neutral,Vorood_OB_Ehtiait_Nozool,55.19024849,59.54787719,61.90328949,72.58572309,Edame_Ravand_Nozool,Edame_Ravand_Souod,Ehtemale_Start_Nozool,Edame_Ravand_Souod,Neutral,Neutral,Neutral,Buy Signa,0,0,1.12639,0,0,0,1.13919,0,2,2,1,3,2,2,5,3,0,0,0,0,-0.474021015,1.136373725,-1.824251299,6.900471461,1.136373725,-1.008902599,5.450267458,-2.022968359
-1.32,Ravand mobham_Shayad_Kanal,Ravand mobham_Shayad_Kanal,Ravand_Transient Soodi To Nozooli,Ravand mobham_Shayad_Kanal,Ravand mobham_Shayad_Kanal,Ravand mobham_Shayad_Kanal,Ravand mobham_Shayad_Kanal,Ravand mobham_Shayad_Kanal,No_newSignal,No_newSignal,No_newSignal,No_newSignal,PTL_isNozooli,PTL_isSouodi,PTL_isNeutral,PTL_isSouodi,Neutral,Neutral,Neutral,Vorood_OB_Ehtiait_Nozool,48.91335605,55.87855999,60.22162597,72.23995622,Edame_Ravand_Nozool,Edame_Ravand_Nozool,Ehtemale_Start_Nozool,Edame_Ravand_Souod,Neutral,Neutral,Neutral,Neutral,0,0,1.12639,0,0,0,1.13919,0,10,4,1,3,10,4,5,3,0,0,0,0,-0.474021015,1.136373725,-1.824251299,6.900471461,1.136373725,-1.008902599,5.450267458,-2.022968359
-0.93,Ravand mobham_Shayad_Kanal,Ravand mobham_Shayad_Kanal,Ravand mobham_Shayad_Kanal,Ravand mobham_Shayad_Kanal,Ravand mobham_Shayad_Kanal,Ravand mobham_Shayad_Kanal,Ravand mobham_Shayad_Kanal,Ravand mobham_Shayad_Kanal,No_newSignal,No_newSignal,No_newSignal,No_newSignal,PTL_isNozooli,PTL_isNeutral,PTL_isNeutral,PTL_isSouodi,Neutral,Neutral,Neutral,Vorood_OB_Ehtiait_Nozool,45.97823963,53.75931185,59.50255484,72.08821408,Edame_Ravand_Nozool,Edame_Ravand_Nozool,Edame_Ravand_Nozool,Edame_Ravand_Souod,Neutral,Neutral,Sell Signal,Neutral,0,0,0,0,0,0,0,0,18,6,2,3,18,6,6,3,0,0,0,0,-0.474021015,1.136373725,-1.824251299,6.900471461,1.136373725,-1.008902599,5.450267458,-2.022968359
2.81,Ravand_Transient Soodi To Nozooli,Ravand mobham_Shayad_Kanal,Ravand mobham_Shayad_Kanal,Ravand mobham_Shayad_Kanal,Ravand_Transient Soodi To Nozooli,Ravand mobham_Shayad_Kanal,Ravand mobham_Shayad_Kanal,Ravand mobham_Shayad_Kanal,Buy Signa_StartSouod,No_newSignal,No_newSignal,No_newSignal,PTL_isSouodi,PTL_isSouodi,PTL_isNeutral,PTL_isSouodi,Neutral,Neutral,Neutral,Vorood_OB_Ehtiait_Nozool,61.91853867,61.8358911,62.53820344,73.04874779,Edame_Ravand_Souod,Edame_Ravand_Souod,Ehtemale_Start_Souod,Edame_Ravand_Souod,Neutral,Neutral,Neutral,Buy Signa,1.135021429,0,0,0,1.13839,0,0,0,1,8,2,3,1,8,6,3,0,0,0,0,0.405718872,1.136373725,-1.824251299,6.900471461,-0.474021015,-1.008902599,5.450267458,-2.022968359
-1.02,Ravand mobham_Shayad_Kanal,Ravand mobham_Shayad_Kanal,Ravand mobham_Shayad_Kanal,Ravand mobham_Shayad_Kanal,Ravand mobham_Shayad_Kanal,Ravand mobham_Shayad_Kanal,Ravand mobham_Shayad_Kanal,Ravand mobham_Shayad_Kanal,No_newSignal,No_newSignal,No_newSignal,No_newSignal,PTL_isNeutral,PTL_isSouodi,PTL_isNeutral,PTL_isSouodi,Neutral,Neutral,Neutral,Vorood_OB_Ehtiait_Nozool,51.6263881,57.16548945,61.17699014,72.68544218,Edame_Ravand_Nozool,Edame_Ravand_Nozool,Edame_Ravand_Nozool,Edame_Ravand_Souod,Neutral,Sell Signal,Neutral,Buy Signa,0,0,0,0,0,0,0,0,4,10,3,3,4,10,7,3,0,0,0,0,0.428650808,1.136373725,-1.824251299,6.900471461,-0.474021015,-1.008902599,5.450267458,-2.022968359
1.43,Ravand mobham_Shayad_Kanal,Ravand mobham_Shayad_Kanal,Ravand mobham_Shayad_Kanal,Ravand mobham_Shayad_Kanal,Ravand mobham_Shayad_Kanal,Ravand mobham_Shayad_Kanal,Ravand mobham_Shayad_Kanal,Ravand mobham_Shayad_Kanal,No_newSignal,No_newSignal,No_newSignal,No_newSignal,PTL_isSouodi,PTL_isSouodi,PTL_isNeutral,PTL_isSouodi,Neutral,Neutral,Neutral,Vorood_OB_Ehtiait_Nozool,58.09579063,61.68060653,62.83532332,73.12251602,Edame_Ravand_Souod,Edame_Ravand_Souod,Ehtemale_Start_Souod,Edame_Ravand_Souod,Neutral,Buy Signa,Buy Signa,Buy Signa,0,0,0,0,0,0,0,0,5,12,3,3,5,12,7,3,0,0,0,0,0.455992732,1.136373725,-1.824251299,6.900471461,-0.474021015,-1.008902599,5.450267458,-2.022968359
1.13,Ravand_Transient Soodi To Nozooli,Ravand mobham_Shayad_Kanal,Ravand_Transient Soodi To Nozooli,Ravand mobham_Shayad_Kanal,Ravand mobham_Shayad_Kanal,Ravand mobham_Shayad_Kanal,Ravand_Transient Soodi To Nozooli,Ravand mobham_Shayad_Kanal,No_newSignal,No_newSignal,Buy Signa_StartSouod,No_newSignal,PTL_isSouodi,PTL_isSouodi,PTL_isSouodi,PTL_isSouodi,Neutral,Neutral,Neutral,OB_Ehtiait_Nozool,60.05880995,64.71972524,63.85115004,73.43045731,Edame_Ravand_Souod,Edame_Ravand_Souod,Edame_Ravand_Souod,Edame_Ravand_Souod,Neutral,Sell Signal,Neutral,Sell Signal,1.138416667,0,1.12639,0,1.13991,0,1.14125,0,1,2,1,4,7,2,1,4,0,0,0,0,0.657970171,1.319258871,1.319258871,6.900471461,-0.474021015,-1.008902599,-1.824251299,-2.022968359
-0.17,Ravand mobham_Shayad_Kanal,Ravand mobham_Shayad_Kanal,Ravand_Transient Soodi To Nozooli,Ravand mobham_Shayad_Kanal,Ravand mobham_Shayad_Kanal,Ravand mobham_Shayad_Kanal,Ravand_Transient Soodi To Nozooli,Ravand mobham_Shayad_Kanal,No_newSignal,No_newSignal,Buy Signa_StartSouod,No_newSignal,PTL_isSouodi,PTL_isSouodi,PTL_isSouodi,PTL_isSouodi,Neutral,Neutral,Neutral,OB_Ehtiait_Nozool,59.52177903,64.6520908,63.98151407,73.48411066,Edame_Ravand_Nozool,Edame_Ravand_Souod,Edame_Ravand_Souod,Edame_Ravand_Souod,Buy Signa,Sell Signal,Neutral,Sell Signal,0,0,1.12639,0,0,0,1.14125,0,8,4,1,4,15,4,1,4,0,0,0,0,0.657970171,1.319258871,1.319258871,6.900471461,-0.474021015,-1.008902599,-1.824251299,-2.022968359
-3.65,Ravand Nozooli,Ravand Nozooli,Ravand mobham_Shayad_Kanal,Ravand mobham_Shayad_Kanal,Ravand Nozooli,Ravand mobham_Shayad_Kanal,Ravand mobham_Shayad_Kanal,Ravand mobham_Shayad_Kanal,No_newSignal,No_newSignal,No_newSignal,No_newSignal,PTL_isNozooli,PTL_isNozooli,PTL_isSouodi,PTL_isSouodi,Neutral,Neutral,Neutral,OB_Ehtiait_Nozool,33.13660086,49.20386593,58.70418805,70.74713035,Edame_Ravand_Nozool,Edame_Ravand_Nozool,Edame_Ravand_Nozool,Edame_Ravand_Souod,OS_Ehtiait_Souod,Neutral,Neutral,Sell Signal,1.136308,1.1270425,0,0,1.138416667,1.14125,0,0,6,6,2,4,23,6,2,4,-0.41796276,0,0,0,0.657970171,1.319258871,1.319258871,6.900471461,-0.474021015,-1.008902599,-1.824251299,-2.022968359
1.13,Ravand mobham_Shayad_Kanal,Ravand mobham_Shayad_Kanal,Ravand mobham_Shayad_Kanal,Ravand mobham_Shayad_Kanal,Ravand mobham_Shayad_Kanal,Ravand mobham_Shayad_Kanal,Ravand mobham_Shayad_Kanal,Ravand mobham_Shayad_Kanal,No_newSignal,No_newSignal,No_newSignal,No_newSignal,PTL_isSouodi,PTL_isNeutral,PTL_isSouodi,PTL_isSouodi,Neutral,Neutral,Neutral,OB_Ehtiait_Nozool,48.82883152,54.24145311,60.27959436,71.81543357,Edame_Ravand_Souod,Edame_Ravand_Nozool,Edame_Ravand_Nozool,Edame_Ravand_Souod,Buy Signa,Neutral,Neutral,Sell Signal,0,0,0,0,0,0,0,0,2,2,2,4,6,8,2,4,0,0,0,0,-0.502957284,1.319258871,1.319258871,6.900471461,0.657970171,-1.008902599,-1.824251299,-2.022968359
-1.95,Ravand_Transient Nozooli To Soodi,Ravand mobham_Shayad_Kanal,Ravand mobham_Shayad_Kanal,Ravand mobham_Shayad_Kanal,Ravand mobham_Shayad_Kanal,Ravand mobham_Shayad_Kanal,Ravand mobham_Shayad_Kanal,Ravand mobham_Shayad_Kanal,No_newSignal,No_newSignal,No_newSignal,No_newSignal,PTL_isNozooli,PTL_isNeutral,PTL_isSouodi,PTL_isSouodi,Neutral,Neutral,Neutral,OB_Ehtiait_Nozool,38.3935473,47.86178739,58.2499777,70.51908272,Edame_Ravand_Nozool,Edame_Ravand_Nozool,Edame_Ravand_Nozool,Edame_Ravand_Souod,Sell Signal,Sell Signal,Neutral,Sell Signal,1.136,0,0,0,1.138375714,0,0,0,1,4,3,4,14,10,3,4,0,0,0,0,-0.502957284,1.319258871,1.319258871,6.900471461,0.657970171,-1.008902599,-1.824251299,-2.022968359
-0.46,Ravand_Transient Soodi To Nozooli,Ravand_Transient Nozooli To Soodi,Ravand Nozooli,Ravand mobham_Shayad_Kanal,Ravand mobham_Shayad_Kanal,Ravand_Transient Nozooli To Soodi,Ravand mobham_Shayad_Kanal,Ravand mobham_Shayad_Kanal,No_newSignal,No_newSignal,No_newSignal,No_newSignal,PTL_isNeutral,PTL_isNozooli,PTL_isSouodi,PTL_isSouodi,Neutral,Neutral,Neutral,OB_Ehtiait_Nozool,44.12860824,47.40287122,57.8572955,70.33016307,Edame_Ravand_Souod,Edame_Ravand_Nozool,Edame_Ravand_Nozool,Edame_Ravand_Souod,Neutral,Neutral,Neutral,Sell Signal,1.1341225,1.1343,1.12639,0,1.13706,1.14732,1.14125,0,1,1,3,4,4,1,3,4,0,0,0,0,-0.60898138,-0.60898138,1.319258871,6.900471461,0.657970171,1.319258871,-1.824251299,-2.022968359
1.29,Ravand_Transient Soodi To Nozooli,Ravand_Transient Soodi To Nozooli,Ravand_Transient Nozooli To Soodi,Ravand mobham_Shayad_Kanal,Ravand_Transient Soodi To Nozooli,Ravand mobham_Shayad_Kanal,Ravand mobham_Shayad_Kanal,Ravand mobham_Shayad_Kanal,No_newSignal,No_newSignal,No_newSignal,No_newSignal,PTL_isSouodi,PTL_isNeutral,PTL_isSouodi,PTL_isSouodi,Neutral,Neutral,Neutral,OB_Ehtiait_Nozool,56.22881324,54.28335329,59.98120592,71.7604681,Edame_Ravand_Souod,Edame_Ravand_Souod,Edame_Ravand_Nozool,Edame_Ravand_Souod,Neutral,Neutral,Buy Signa,Sell Signal,1.136308,1.1270425,0,0,1.13881,1.13881,0,0,1,1,1,4,1,3,4,4,0,0,0,0,0.397602045,-0.60898138,1.319258871,6.900471461,-0.60898138,1.319258871,-1.824251299,-2.022968359
-1.86,Ravand_Transient Nozooli To Soodi,Ravand mobham_Shayad_Kanal,Ravand_Transient Nozooli To Soodi,Ravand mobham_Shayad_Kanal,Ravand_Transient Nozooli To Soodi,Ravand mobham_Shayad_Kanal,Ravand mobham_Shayad_Kanal,Ravand mobham_Shayad_Kanal,Sell Signal_StartNozool,No_newSignal,No_newSignal,No_newSignal,PTL_isNozooli,PTL_isNeutral,PTL_isSouodi,PTL_isSouodi,Neutral,Neutral,Neutral,OB_Ehtiait_Nozool,42.25288445,47.36976908,57.22597898,70.43583318,Edame_Ravand_Nozool,Edame_Ravand_Nozool,Edame_Ravand_Nozool,Edame_Ravand_Souod,Neutral,Neutral,Neutral,Sell Signal,1.13571,0,1.1343,0,1.13847,0,1.144285,0,1,3,1,4,1,5,4,4,0,0,0,0,-0.272213978,-0.60898138,1.319258871,6.900471461,0.397602045,1.319258871,-1.824251299,-2.022968359
-0.06,Ravand mobham_Shayad_Kanal,Ravand_Transient Nozooli To Soodi,Ravand_Transient Nozooli To Soodi,Ravand mobham_Shayad_Kanal,Ravand mobham_Shayad_Kanal,Ravand_Transient Nozooli To Soodi,Ravand mobham_Shayad_Kanal,Ravand mobham_Shayad_Kanal,No_newSignal,No_newSignal,No_newSignal,No_newSignal,PTL_isNozooli,PTL_isNozooli,PTL_isSouodi,PTL_isSouodi,Neutral,Neutral,Neutral,OB_Ehtiait_Nozool,44.21345397,45.91590115,56.64842788,70.14975007,Edame_Ravand_Nozool,Edame_Ravand_Nozool,Edame_Ravand_Nozool,Edame_Ravand_Souod,Neutral,Buy Signa,Neutral,Sell Signal,0,1.13348,1.13348,0,0,1.14732,1.144285,0,3,1,1,4,3,1,5,4,0,0,0,0,-0.46803242,-0.680832421,1.319258871,6.900471461,0.397602045,1.319258871,-1.824251299,-2.022968359
-1.84,Ravand_Transient Nozooli To Soodi,Ravand_Transient_Ravand_Mobham,Ravand_Transient Nozooli To Soodi,Ravand mobham_Shayad_Kanal,Ravand mobham_Shayad_Kanal,Ravand mobham_Shayad_Kanal,Ravand mobham_Shayad_Kanal,Ravand mobham_Shayad_Kanal,Sell Signal_StartNozool,No_newSignal,No_newSignal,No_newSignal,PTL_isNozooli,PTL_isNozooli,PTL_isSouodi,PTL_isSouodi,Neutral,Neutral,Neutral,Exit_OB_Signal_Nozool,41.54538966,43.25679429,55.51417143,69.61402227,Edame_Ravand_Nozool,Edame_Ravand_Nozool,Edame_Ravand_Nozool,Edame_Ravand_Souod,Neutral,Sell Signal,Neutral,Sell Signal,1.136005,0,1.13348,0,1.1384775,0,1.144285,0,1,1,1,4,3,3,5,4,0,0,0,0,0.445530578,-0.680832421,1.319258871,6.900471461,-0.46803242,1.319258871,-1.824251299,-2.022968359
0.04,Ravand mobham_Shayad_Kanal,Ravand mobham_Shayad_Kanal,Ravand mobham_Shayad_Kanal,Ravand mobham_Shayad_Kanal,Ravand mobham_Shayad_Kanal,Ravand mobham_Shayad_Kanal,Ravand mobham_Shayad_Kanal,Ravand mobham_Shayad_Kanal,No_newSignal,No_newSignal,No_newSignal,No_newSignal,PTL_isNozooli,PTL_isNozooli,PTL_isSouodi,PTL_isSouodi,Neutral,Neutral,Neutral,Exit_OB_Signal_Nozool,44.62544561,45.34629779,55.88918253,69.80653302,Edame_Ravand_Nozool,Edame_Ravand_Nozool,Edame_Ravand_Nozool,Edame_Ravand_Souod,Buy Signa,Buy Signa,Neutral,Sell Signal,0,0,0,0,0,0,0,0,9,3,2,4,11,5,6,4,0,0,0,0,0.445530578,-0.680832421,1.319258871,6.900471461,-0.46803242,1.319258871,-1.824251299,-2.022968359
1.96,Ravand_Transient Soodi To Nozooli,Ravand mobham_Shayad_Kanal,Ravand mobham_Shayad_Kanal,Ravand mobham_Shayad_Kanal,Ravand mobham_Shayad_Kanal,Ravand mobham_Shayad_Kanal,Ravand mobham_Shayad_Kanal,Ravand mobham_Shayad_Kanal,Buy Signa_StartSouod,No_newSignal,No_newSignal,No_newSignal,PTL_isSouodi,PTL_isNozooli,PTL_isSouodi,PTL_isSouodi,Neutral,Neutral,Neutral,OB_Ehtiait_Nozool,57.10120918,53.42965823,58.32997553,71.28502099,Edame_Ravand_Souod,Edame_Ravand_Souod,Edame_Ravand_Nozool,Edame_Ravand_Souod,OB_Ehtiait_Nozool,Neutral,Buy Signa,Sell Signal,1.1332225,0,0,0,1.13748,0,0,0,1,5,2,4,19,7,6,4,0,0,0,0,0.445530578,-0.680832421,1.319258871,6.900471461,-0.46803242,1.319258871,-1.824251299,-2.022968359
-0.96,Ravand_Transient_Ravand_Mobham,Ravand mobham_Shayad_Kanal,Ravand mobham_Shayad_Kanal,Ravand mobham_Shayad_Kanal,Ravand mobham_Shayad_Kanal,Ravand mobham_Shayad_Kanal,Ravand mobham_Shayad_Kanal,Ravand mobham_Shayad_Kanal,Sell Signal_StartNozool,No_newSignal,No_newSignal,No_newSignal,PTL_isNozooli,PTL_isNozooli,PTL_isSouodi,PTL_isSouodi,Neutral,Neutral,Neutral,OB_Ehtiait_Nozool,50.54592036,50.4997011,57.54506626,70.73113421,Edame_Ravand_Nozool,Edame_Ravand_Souod,Edame_Ravand_Nozool,Edame_Ravand_Souod,Buy Signa,Sell Signal,Buy Signa,Buy Signa,0,0,0,0,0,0,0,0,1,7,3,5,27,9,7,5,0,0,0,0,0.445530578,-0.680832421,1.319258871,6.900471461,-0.46803242,1.319258871,-1.824251299,-2.022968359
-0.57,Ravand_Transient_Ravand_Mobham,Ravand mobham_Shayad_Kanal,Ravand mobham_Shayad_Kanal,Ravand mobham_Shayad_Kanal,Ravand mobham_Shayad_Kanal,Ravand mobham_Shayad_Kanal,Ravand mobham_Shayad_Kanal,Ravand mobham_Shayad_Kanal,No_newSignal,No_newSignal,No_newSignal,No_newSignal,PTL_isNeutral,PTL_isNozooli,PTL_isSouodi,PTL_isSouodi,Neutral,Neutral,Neutral,OB_Ehtiait_Nozool,52.35750399,51.62370485,57.88597678,70.8190312,Edame_Ravand_Nozool,Edame_Ravand_Souod,Edame_Ravand_Nozool,Edame_Ravand_Souod,Neutral,Neutral,Buy Signa,Buy Signa,0,0,0,0,0,0,0,0,1,9,3,5,35,11,7,5,0,0,0,0,0.445530578,-0.680832421,1.319258871,6.900471461,-0.46803242,1.319258871,-1.824251299,-2.022968359
-0.16,Ravand mobham_Shayad_Kanal,Ravand_Transient Soodi To Nozooli,Ravand mobham_Shayad_Kanal,Ravand mobham_Shayad_Kanal,Ravand mobham_Shayad_Kanal,Ravand_Transient Soodi To Nozooli,Ravand mobham_Shayad_Kanal,Ravand mobham_Shayad_Kanal,No_newSignal,No_newSignal,No_newSignal,No_newSignal,PTL_isSouodi,PTL_isNozooli,PTL_isSouodi,PTL_isSouodi,Neutral,Neutral,Neutral,OB_Ehtiait_Nozool,53.91292392,53.99898804,58.52995869,71.00656625,Edame_Ravand_Nozool,Edame_Ravand_Souod,Edame_Ravand_Nozool,Edame_Ravand_Souod,Neutral,Neutral,Neutral,Buy Signa,0,1.1270425,0,0,0,1.13857,0,0,8,1,4,5,43,1,8,5,0,0,0,0,0.445530578,0.449059533,1.319258871,6.900471461,-0.46803242,-0.680832421,-1.824251299,-2.022968359
-0.28,Ravand mobham_Shayad_Kanal,Ravand mobham_Shayad_Kanal,Ravand mobham_Shayad_Kanal,Ravand mobham_Shayad_Kanal,Ravand mobham_Shayad_Kanal,Ravand mobham_Shayad_Kanal,Ravand mobham_Shayad_Kanal,Ravand mobham_Shayad_Kanal,No_newSignal,No_newSignal,No_newSignal,No_newSignal,PTL_isSouodi,PTL_isNozooli,PTL_isSouodi,PTL_isSouodi,Neutral,Neutral,Neutral,OB_Ehtiait_Nozool,51.85179626,53.40600877,58.34053029,70.97325484,Edame_Ravand_Nozool,Edame_Ravand_Souod,Edame_Ravand_Nozool,Edame_Ravand_Souod,Neutral,Neutral,Neutral,Buy Signa,0,0,0,0,0,0,0,0,4,3,4,5,51,3,8,5,0,0,0,0,0.445530578,0.449059533,1.319258871,6.900471461,-0.46803242,-0.680832421,-1.824251299,-2.022968359
-0.42,Ravand Nozooli,Ravand mobham_Shayad_Kanal,Ravand mobham_Shayad_Kanal,Ravand mobham_Shayad_Kanal,Ravand Nozooli,Ravand mobham_Shayad_Kanal,Ravand mobham_Shayad_Kanal,Ravand mobham_Shayad_Kanal,Sell Signal_StartNozool,No_newSignal,No_newSignal,No_newSignal,PTL_isNozooli,PTL_isNozooli,PTL_isSouodi,PTL_isSouodi,Neutral,Neutral,Neutral,OB_Ehtiait_Nozool,49.5062463,52.56756075,58.09576259,70.94320905,Edame_Ravand_Nozool,Ehtemale_Start_Souod,Edame_Ravand_Nozool,Edame_Ravand_Souod,Neutral,Neutral,Neutral,Buy Signa,1.1358125,0,0,0,1.13782,0,0,0,12,5,5,5,59,5,9,5,-0.121208927,0,0,0,0.445530578,0.449059533,1.319258871,6.900471461,-0.46803242,-0.680832421,-1.824251299,-2.022968359
-0.97,Ravand_Transient Nozooli To Soodi,Ravand_Transient_Ravand_Mobham,Ravand mobham_Shayad_Kanal,Ravand mobham_Shayad_Kanal,Ravand_Transient Nozooli To Soodi,Ravand mobham_Shayad_Kanal,Ravand mobham_Shayad_Kanal,Ravand mobham_Shayad_Kanal,No_newSignal,No_newSignal,No_newSignal,No_newSignal,PTL_isNozooli,PTL_isNozooli,PTL_isSouodi,PTL_isSouodi,Neutral,Neutral,Neutral,OB_Ehtiait_Nozool,36.7935746,46.95100725,56.43127995,70.56282378,Edame_Ravand_Nozool,Edame_Ravand_Nozool,Edame_Ravand_Nozool,Edame_Ravand_Souod,Neutral,Neutral,Sell Signal,Buy Signa,1.13613,0,0,0,1.138304,0,0,0,1,1,5,5,1,7,9,5,0,0,0,0,-0.132730917,0.449059533,1.319258871,6.900471461,0.106473782,-0.680832421,-1.824251299,-2.022968359
1.22,Ravand mobham_Shayad_Kanal,Ravand mobham_Shayad_Kanal,Ravand mobham_Shayad_Kanal,Ravand mobham_Shayad_Kanal,Ravand mobham_Shayad_Kanal,Ravand mobham_Shayad_Kanal,Ravand mobham_Shayad_Kanal,Ravand mobham_Shayad_Kanal,No_newSignal,No_newSignal,No_newSignal,No_newSignal,PTL_isNeutral,PTL_isNozooli,PTL_isSouodi,PTL_isSouodi,Neutral,Neutral,Neutral,OB_Ehtiait_Nozool,51.82253507,53.00773135,58.21826551,70.96991949,Edame_Ravand_Souod,Edame_Ravand_Souod,Edame_Ravand_Nozool,Edame_Ravand_Souod,Buy Signa,Neutral,Sell Signal,Buy Signa,0,0,0,0,0,0,0,0,8,2,6,5,8,2,10,5,0,0,0,0,-0.15998031,-0.241531043,1.319258871,6.900471461,0.106473782,0.449059533,-1.824251299,-2.022968359
0.15,Ravand_Transient Soodi To Nozooli,Ravand mobham_Shayad_Kanal,Ravand mobham_Shayad_Kanal,Ravand mobham_Shayad_Kanal,Ravand_Transient Soodi To Nozooli,Ravand mobham_Shayad_Kanal,Ravand mobham_Shayad_Kanal,Ravand mobham_Shayad_Kanal,No_newSignal,No_newSignal,No_newSignal,No_newSignal,PTL_isSouodi,PTL_isNozooli,PTL_isSouodi,PTL_isSouodi,Neutral,Neutral,Neutral,OB_Ehtiait_Nozool,56.69399715,54.35864824,58.56961582,71.04643917,Edame_Ravand_Souod,Edame_Ravand_Souod,Edame_Ravand_Nozool,Edame_Ravand_Souod,OB_Ehtiait_Nozool,Neutral,Neutral,Buy Signa,1.136038571,0,0,0,1.13742,0,0,0,1,4,6,5,1,4,10,5,0,0,0,0,0.140867391,-0.241531043,1.319258871,6.900471461,-0.15998031,0.449059533,-1.824251299,-2.022968359
0.71,Ravand mobham_Shayad_Kanal,Ravand_Transient Soodi To Nozooli,Ravand_Transient Soodi To Nozooli,Ravand mobham_Shayad_Kanal,Ravand mobham_Shayad_Kanal,Ravand_Transient Soodi To Nozooli,Ravand mobham_Shayad_Kanal,Ravand mobham_Shayad_Kanal,No_newSignal,No_newSignal,No_newSignal,No_newSignal,PTL_isSouodi,PTL_isSouodi,PTL_isSouodi,PTL_isSouodi,Neutral,Neutral,Neutral,OB_Ehtiait_Nozool,63.88170996,59.51996302,59.87745576,71.33877484,Edame_Ravand_Souod,Edame_Ravand_Souod,Edame_Ravand_Nozool,Edame_Ravand_Souod,Neutral,Sell Signal,Neutral,Buy Signa,0,1.137502727,1.12639,0,0,1.13862,1.13862,0,2,1,1,5,2,1,11,5,0,0,0,0,0.246517934,0.246517934,1.319258871,6.900471461,-0.15998031,-0.241531043,-1.824251299,-2.022968359
1.29,Ravand_Transient Soodi To Nozooli,Ravand_Transient Soodi To Nozooli,Ravand Soodi,Ravand mobham_Shayad_Kanal,Ravand_Transient Soodi To Nozooli,Ravand_Transient Soodi To Nozooli,Ravand mobham_Shayad_Kanal,Ravand mobham_Shayad_Kanal,No_newSignal,No_newSignal,No_newSignal,No_newSignal,PTL_isSouodi,PTL_isSouodi,PTL_isSouodi,PTL_isSouodi,OB_Ehtiait_Nozool,Neutral,Neutral,OB_Ehtiait_Nozool,73.81374134,65.35776165,61.86938807,71.77741379,Edame_Ravand_Souod,Edame_Ravand_Souod,Ehtemale_Start_Souod,Edame_Ravand_Souod,OB_Ehtiait_Nozool,OB_Ehtiait_Nozool,Neutral,Buy Signa,1.1381225,1.137601818,1.13348,0,1.13971,1.13971,1.144285,0,1,1,7,5,1,1,11,5,0,0,0,0,0.342483844,0.342483844,1.319258871,6.900471461,-0.15998031,-0.241531043,-1.824251299,-2.022968359
-0.06,Ravand_Transient Soodi To Nozooli,Ravand mobham_Shayad_Kanal,Ravand_Transient Soodi To Nozooli,Ravand mobham_Shayad_Kanal,Ravand mobham_Shayad_Kanal,Ravand mobham_Shayad_Kanal,Ravand mobham_Shayad_Kanal,Ravand mobham_Shayad_Kanal,No_newSignal,No_newSignal,No_newSignal,No_newSignal,PTL_isSouodi,PTL_isSouodi,PTL_isSouodi,PTL_isSouodi,Neutral,Neutral,Neutral,OB_Ehtiait_Nozool,62.91807284,62.36171435,61.40184587,71.67616405,Ehtemale_Start_Nozool,Edame_Ravand_Souod,Edame_Ravand_Nozool,Edame_Ravand_Souod,OB_Ehtiait_Nozool,Sell Signal,OB_Ehtiait_Nozool,Buy Signa,1.13880375,0,1.12639,0,1.13941,0,1.13971,0,1,3,1,5,9,3,12,5,0,0,0,0,0.342483844,0.342483844,1.319258871,6.900471461,-0.15998031,-0.241531043,-1.824251299,-2.022968359
-0.11,Ravand mobham_Shayad_Kanal,Ravand mobham_Shayad_Kanal,Ravand_Transient Soodi To Nozooli,Ravand mobham_Shayad_Kanal,Ravand mobham_Shayad_Kanal,Ravand mobham_Shayad_Kanal,Ravand mobham_Shayad_Kanal,Ravand mobham_Shayad_Kanal,No_newSignal,No_newSignal,No_newSignal,No_newSignal,PTL_isSouodi,PTL_isSouodi,PTL_isSouodi,PTL_isSouodi,Neutral,Neutral,Neutral,OB_Ehtiait_Nozool,62.66339315,62.33607751,61.52619596,71.69837446,Edame_Ravand_Nozool,Edame_Ravand_Souod,Edame_Ravand_Nozool,Edame_Ravand_Souod,OB_Ehtiait_Nozool,Sell Signal,OB_Ehtiait_Nozool,Buy Signa,0,0,1.12639,0,0,0,1.13971,0,3,5,1,5,17,5,12,5,0,0,0,0,0.342483844,0.342483844,1.319258871,6.900471461,-0.15998031,-0.241531043,-1.824251299,-2.022968359
-0.03,Ravand Soodi,Ravand mobham_Shayad_Kanal,Ravand mobham_Shayad_Kanal,Ravand mobham_Shayad_Kanal,Ravand mobham_Shayad_Kanal,Ravand mobham_Shayad_Kanal,Ravand mobham_Shayad_Kanal,Ravand mobham_Shayad_Kanal,No_newSignal,No_newSignal,No_newSignal,No_newSignal,PTL_isSouodi,PTL_isSouodi,PTL_isSouodi,PTL_isSouodi,Neutral,Neutral,Neutral,OB_Ehtiait_Nozool,61.1766312,62.42181572,61.60706035,71.73636851,Edame_Ravand_Nozool,Ehtemale_Start_Souod,Edame_Ravand_Nozool,Edame_Ravand_Souod,Neutral,Neutral,OB_Ehtiait_Nozool,Sell Signal,1.13906,0,0,0,1.141065,0,0,0,4,7,2,6,25,7,13,6,0,0,0,0,0.342483844,0.342483844,1.319258871,6.900471461,-0.15998031,-0.241531043,-1.824251299,-2.022968359
3.54,Ravand mobham_Shayad_Kanal,Ravand_Transient Soodi To Nozooli,Ravand Soodi,Ravand mobham_Shayad_Kanal,Ravand mobham_Shayad_Kanal,Ravand_Transient Soodi To Nozooli,Ravand Soodi,Ravand mobham_Shayad_Kanal,No_newSignal,No_newSignal,No_newSignal,No_newSignal,PTL_isSouodi,PTL_isSouodi,PTL_isSouodi,PTL_isSouodi,OB_Ehtiait_Nozool,OB_Ehtiait_Nozool,Neutral,OB_Ehtiait_Nozool,87.47284047,77.13969169,66.88642322,72.97679095,Edame_Ravand_Souod,Edame_Ravand_Souod,Ehtemale_Start_Souod,Edame_Ravand_Souod,Neutral,Neutral,OB_Ehtiait_Nozool,Sell Signal,0,1.137391,1.13348,0,0,1.14381,1.144285,0,3,1,9,6,3,1,20,6,0,0,1.508358561,0,0.703456534,0.703456534,-1.824251299,6.900471461,-0.15998031,-0.241531043,5.450267458,-2.022968359
2.86,Ravand mobham_Shayad_Kanal,Ravand_Transient Soodi To Nozooli,Ravand_Transient Soodi To Nozooli,Ravand Soodi,Ravand mobham_Shayad_Kanal,Ravand_Transient Soodi To Nozooli,Ravand_Transient Soodi To Nozooli,Ravand Soodi,No_newSignal,No_newSignal,No_newSignal,No_newSignal,PTL_isSouodi,PTL_isSouodi,PTL_isSouodi,PTL_isSouodi,OB_Ehtiait_Nozool,OB_Ehtiait_Nozool,OB_Ehtiait_Nozool,OB_Ehtiait_Nozool,80.84873125,83.53535672,70.39148475,73.96062331,Edame_Ravand_Souod,Edame_Ravand_Souod,Edame_Ravand_Souod,Edame_Ravand_Souod,Neutral,Sell Signal,OB_Ehtiait_Nozool,Sell Signal,0,1.137391,1.13348,1.118993333,0,1.1486,1.1486,0,2,1,1,17,2,1,1,17,0,0,0,6.838976576,1.125178285,1.125178285,1.971785971,-2.022968359,-0.15998031,-0.241531043,-1.824251299,5.740624548
3.05,Ravand mobham_Shayad_Kanal,Ravand_Transient Soodi To Nozooli,Ravand Soodi,Ravand Soodi,Ravand mobham_Shayad_Kanal,Ravand_Transient Soodi To Nozooli,Ravand Soodi,Ravand Soodi,No_newSignal,No_newSignal,No_newSignal,No_newSignal,PTL_isSouodi,PTL_isSouodi,PTL_isSouodi,PTL_isSouodi,OB_Ehtiait_Nozool,OB_Ehtiait_Nozool,OB_Ehtiait_Nozool,OB_Ehtiait_Nozool,77.27227678,88.12511178,73.88562801,75.02778007,Edame_Ravand_Souod,Edame_Ravand_Souod,Edame_Ravand_Souod,Edame_Ravand_Souod,Neutral,OB_Ehtiait_Nozool,OB_Ehtiait_Nozool,Sell Signal,0,1.137848182,1.144285,1.118993333,0,1.14732,0,0,3,1,10,17,3,1,21,17,0,0,2.141354238,7.197696737,1.530172034,1.530172034,-1.824251299,-2.022968359,-0.15998031,-0.241531043,5.450267458,5.740624548
1.11,Ravand Soodi,Ravand mobham_Shayad_Kanal,Ravand_Transient Soodi To Nozooli,Ravand Soodi,Ravand mobham_Shayad_Kanal,Ravand mobham_Shayad_Kanal,Ravand_Transient Soodi To Nozooli,Ravand Soodi,No_newSignal,No_newSignal,No_newSignal,No_newSignal,PTL_isSouodi,PTL_isSouodi,PTL_isSouodi,PTL_isSouodi,OB_Ehtiait_Nozool,OB_Ehtiait_Nozool,OB_Ehtiait_Nozool,OB_Ehtiait_Nozool,71.81196192,89.36968889,74.99070133,75.4022087,Edame_Ravand_Nozool,Edame_Ravand_Souod,Edame_Ravand_Souod,Edame_Ravand_Souod,Neutral,Buy Signa,OB_Ehtiait_Nozool,Neutral,1.14984,0,1.144285,1.118993333,1.1532,0,1.1532,0,4,3,1,17,11,3,1,17,0,0,0,7.330935654,1.530172034,1.530172034,2.380170279,-2.022968359,-0.15998031,-0.241531043,-1.824251299,5.740624548
-0.3,Ravand_Transient Nozooli To Soodi,Ravand mobham_Shayad_Kanal,Ravand Soodi,Ravand Soodi,Ravand mobham_Shayad_Kanal,Ravand mobham_Shayad_Kanal,Ravand Soodi,Ravand Soodi,No_newSignal,No_newSignal,No_newSignal,No_newSignal,PTL_isNeutral,PTL_isSouodi,PTL_isSouodi,PTL_isSouodi,Neutral,OB_Ehtiait_Nozool,OB_Ehtiait_Nozool,OB_Ehtiait_Nozool,60.67602979,80.39768063,74.5165017,75.32459088,Edame_Ravand_Nozool,Edame_Ravand_Souod,Edame_Ravand_Souod,Edame_Ravand_Souod,Neutral,Neutral,OB_Ehtiait_Nozool,Sell Signal,1.15043,0,1.144285,1.118993333,1.153325,0,0,0,1,2,11,17,5,2,22,17,0,0,2.241674731,7.302983434,1.552182564,1.552182564,-1.824251299,-2.022968359,-0.15998031,-0.241531043,5.450267458,5.740624548
4.62,Ravand mobham_Shayad_Kanal,Ravand mobham_Shayad_Kanal,Ravand_Transient Soodi To Nozooli,Ravand Soodi,Ravand mobham_Shayad_Kanal,Ravand mobham_Shayad_Kanal,Ravand_Transient Soodi To Nozooli,Ravand Soodi,No_newSignal,No_newSignal,No_newSignal,No_newSignal,PTL_isSouodi,PTL_isSouodi,PTL_isSouodi,PTL_isSouodi,OB_Ehtiait_Nozool,OB_Ehtiait_Nozool,OB_Ehtiait_Nozool,OB_Ehtiait_Nozool,71.0363673,85.40517242,77.74823311,76.37331061,Edame_Ravand_Souod,Edame_Ravand_Souod,Edame_Ravand_Souod,Edame_Ravand_Souod,Neutral,Buy Signa,OB_Ehtiait_Nozool,Neutral,0,0,1.144285,1.118993333,0,0,1.1567,0,5,2,1,17,5,2,1,17,0,0,0,7.696178,1.838319452,1.838319452,2.690897469,-2.022968359,-0.15998031,-0.241531043,-1.824251299,5.740624548
-3.34,Ravand_Transient Nozooli To Soodi,Ravand mobham_Shayad_Kanal,Ravand Soodi,Ravand Soodi,Ravand_Transient Nozooli To Soodi,Ravand mobham_Shayad_Kanal,Ravand Soodi,Ravand Soodi,No_newSignal,No_newSignal,No_newSignal,No_newSignal,PTL_isNozooli,PTL_isSouodi,PTL_isSouodi,PTL_isSouodi,Neutral,Neutral,OB_Ehtiait_Nozool,OB_Ehtiait_Nozool,46.84885857,68.47951589,70.37263044,75.52027887,Edame_Ravand_Nozool,Edame_Ravand_Nozool,Edame_Ravand_Souod,Edame_Ravand_Souod,Buy Signa,Neutral,Sell Signal,Sell Signal,1.15211,0,1.144285,1.118993333,1.15729,0,0,0,1,2,12,17,1,2,23,17,0,0,2.309146921,7.373795725,-0.447597404,1.890264302,-1.824251299,-2.022968359,1.890264302,-0.241531043,5.450267458,5.740624548
1.65,Ravand mobham_Shayad_Kanal,Ravand mobham_Shayad_Kanal,Ravand_Transient Soodi To Nozooli,Ravand Soodi,Ravand mobham_Shayad_Kanal,Ravand mobham_Shayad_Kanal,Ravand_Transient Soodi To Nozooli,Ravand Soodi,No_newSignal,No_newSignal,No_newSignal,No_newSignal,PTL_isNeutral,PTL_isSouodi,PTL_isSouodi,PTL_isSouodi,Neutral,OB_Ehtiait_Nozool,OB_Ehtiait_Nozool,OB_Ehtiait_Nozool,54.61225536,70.71288808,73.71196393,75.93956089,Ehtemale_Start_Nozool,Edame_Ravand_Nozool,Edame_Ravand_Souod,Edame_Ravand_Souod,Neutral,Buy Signa,OB_Ehtiait_Nozool,Sell Signal,0,0,1.144285,1.118993333,0,0,1.15729,0,2,4,1,17,7,4,1,17,0,0,0,7.529396418,-0.518452592,1.890264302,2.743277195,-2.022968359,1.890264302,-0.241531043,-1.824251299,5.740624548
-4.47,Ravand_Transient Nozooli To Soodi,Ravand_Transient Nozooli To Soodi,Ravand_Transient Soodi To Nozooli,Ravand Soodi,Ravand_Transient Nozooli To Soodi,Ravand_Transient Nozooli To Soodi,Ravand_Transient Soodi To Nozooli,Ravand Soodi,No_newSignal,Sell Signal_StartNozool,No_newSignal,No_newSignal,PTL_isNozooli,PTL_isNozooli,PTL_isSouodi,PTL_isSouodi,Neutral,Neutral,Exit_OB_Signal_Nozool,OB_Ehtiait_Nozool,37.97916725,55.10014982,65.14861074,74.84300441,Edame_Ravand_Nozool,Edame_Ravand_Nozool,Ehtemale_Start_Nozool,Edame_Ravand_Souod,Sell Signal,Neutral,Neutral,Sell Signal,1.14893,1.14893,1.129935,1.118993333,1.15129,1.15729,1.144285,0,1,1,1,17,1,1,1,17,0,0,0,7.13340663,-0.722377278,-0.722377278,2.743277195,-2.022968359,1.890264302,1.890264302,-1.824251299,5.740624548
