Sood_zarar,Ravand_TF 15 min= ,Ravand_TF 1h= ,Ravand_TF 4h= ,Ravand_TF D= ,Ravand_Zstr_TF 15 min= ,Ravand_Zstr_TF 1h= ,Ravand_Zstr_TF 4h= ,Ravand_Zstr_TF D= ,PTL_signal 15 min= ,PTL_signal 1h= ,PTL_signal 4h= ,PTL_signal D= ,PTL_Status 15 min= ,PTL_Status 1h= ,PTL_Status 4h= ,PTL_Status D= ,RSI_Status 15 min= ,RSI_Status 1h= ,RSI_Status 4h= ,RSI_Status D= ,RSI 15 min= ,RSI 1h= ,RSI 4h= ,RSI D= ,MACD_Status 15 min= ,MACD_Status 1h= ,MACD_Status 4h= ,MACD_Status D= ,Stochastic_Status 15 min= ,Stochastic_Status 1h= ,Stochastic_Status 4h= ,Stochastic_Status D= 
-9.72980198,Ravand Nozooli,Ravand_Transient Soodi To Nozooli,Ravand mobham_Shayad_Kanal,Ravand_Transient Nozooli To Soodi,Ravand_Transient Soodi To Nozooli,Ravand mobham_Shayad_Kanal,Ravand mobham_Shayad_Kanal,Ravand_Transient Nozooli To Soodi,No_newSignal,No_newSignal,No_newSignal,No_newSignal,PTL_isNeutral,PTL_isNozooli,PTL_isNozooli,PTL_isNozooli,Neutral,OS_Ehtiait_Souod,OS_Ehtiait_Souod,OS_Ehtiait_Souod,39.33528294,24.16580076,22.38418529,29.44707409,Edame_Ravand_Souod,Edame_Ravand_Souod,Edame_Ravand_Nozool,Edame_Ravand_Nozool,Neutral,Neutral,Neutral,OS_Ehtiait_Souod
3.96019802,Ravand Nozooli,Ravand_Transient Soodi To Nozooli,Ravand_Transient Soodi To Nozooli,Ravand mobham_Shayad_Kanal,Ravand mobham_Shayad_Kanal,Ravand_Transient Soodi To Nozooli,Ravand mobham_Shayad_Kanal,Ravand mobham_Shayad_Kanal,No_newSignal,No_newSignal,No_newSignal,No_newSignal,PTL_isNeutral,PTL_isSouodi,PTL_isNeutral,PTL_isNozooli,Neutral,Neutral,Neutral,Neutral,53.34952349,55.25579461,38.74776819,35.30254628,Ehtemale_Start_Nozool,Edame_Ravand_Souod,Edame_Ravand_Souod,Edame_Ravand_Nozool,Neutral,Sell Signal,OB_Ehtiait_Nozool,Neutral
7.73019802,Ravand Nozooli,Ravand mobham_Shayad_Kanal,Ravand mobham_Shayad_Kanal,Ravand mobham_Shayad_Kanal,Ravand Nozooli,Ravand mobham_Shayad_Kanal,Ravand mobham_Shayad_Kanal,Ravand mobham_Shayad_Kanal,No_newSignal,No_newSignal,No_newSignal,No_newSignal,PTL_isNozooli,PTL_isSouodi,PTL_isSouodi,PTL_isNozooli,Neutral,Neutral,Neutral,Neutral,46.20715803,59.4442843,57.11391349,43.89512093,Edame_Ravand_Nozool,Edame_Ravand_Nozool,Edame_Ravand_Souod,Edame_Ravand_Souod,Sell Signal,Sell Signal,Neutral,Neutral
-5.35980198,Ravand Nozooli,Ravand Nozooli,Ravand Nozooli,Ravand mobham_Shayad_Kanal,Ravand Nozooli,Ravand Nozooli,Ravand mobham_Shayad_Kanal,Ravand mobham_Shayad_Kanal,No_newSignal,No_newSignal,Sell Signal_StartNozool,No_newSignal,PTL_isNozooli,PTL_isNozooli,PTL_isNozooli,PTL_isNozooli,OS_Ehtiait_Souod,Neutral,Neutral,Neutral,28.8821851,32.14035891,45.63090676,40.72585592,Edame_Ravand_Souod,Edame_Ravand_Nozool,Edame_Ravand_Nozool,Edame_Ravand_Souod,OS_Ehtiait_Souod,OS_Ehtiait_Souod,OS_Ehtiait_Souod,Neutral
-2.60980198,Ravand Nozooli,Ravand mobham_Shayad_Kanal,Ravand mobham_Shayad_Kanal,Ravand mobham_Shayad_Kanal,Ravand mobham_Shayad_Kanal,Ravand mobham_Shayad_Kanal,Ravand mobham_Shayad_Kanal,Ravand mobham_Shayad_Kanal,No_newSignal,No_newSignal,No_newSignal,No_newSignal,PTL_isSouodi,PTL_isNeutral,PTL_isNozooli,PTL_isNozooli,Neutral,Neutral,Neutral,Neutral,54.85027191,44.81842142,42.97474464,39.08169382,Ehtemale_Start_Nozool,Edame_Ravand_Souod,Edame_Ravand_Nozool,Ehtemale_Start_Souod,Neutral,Buy Signa,Neutral,Sell Signal
-1.70980198,Ravand mobham_Shayad_Kanal,Ravand mobham_Shayad_Kanal,Ravand mobham_Shayad_Kanal,Ravand mobham_Shayad_Kanal,Ravand mobham_Shayad_Kanal,Ravand mobham_Shayad_Kanal,Ravand mobham_Shayad_Kanal,Ravand mobham_Shayad_Kanal,No_newSignal,No_newSignal,No_newSignal,No_newSignal,PTL_isNozooli,PTL_isNozooli,PTL_isNozooli,PTL_isNozooli,Neutral,Neutral,Neutral,Neutral,46.13133094,42.46902875,39.86205034,37.88476587,Edame_Ravand_Nozool,Edame_Ravand_Souod,Edame_Ravand_Nozool,Edame_Ravand_Nozool,OS_Ehtiait_Souod,Neutral,Neutral,Neutral
-6.34980198,Ravand Nozooli,Ravand mobham_Shayad_Kanal,Ravand mobham_Shayad_Kanal,Ravand_Transient Nozooli To Soodi,Ravand mobham_Shayad_Kanal,Ravand mobham_Shayad_Kanal,Ravand mobham_Shayad_Kanal,Ravand_Transient Nozooli To Soodi,No_newSignal,No_newSignal,No_newSignal,No_newSignal,PTL_isNozooli,PTL_isNozooli,PTL_isNozooli,PTL_isNozooli,Neutral,Vorood_OS_Ehtemal_Souod,Neutral,Neutral,39.66191541,28.18055229,30.31213098,33.91873558,Ehtemale_Start_Nozool,Edame_Ravand_Nozool,Edame_Ravand_Nozool,Edame_Ravand_Nozool,Neutral,Neutral,Neutral,Neutral
-0.04980198,Ravand Soodi,Ravand Soodi,Ravand Soodi,Ravand_Transient Nozooli To Soodi,Ravand Soodi,Ravand Soodi,Ravand mobham_Shayad_Kanal,Ravand_Transient Nozooli To Soodi,No_newSignal,Buy Signa_StartSouod,No_newSignal,No_newSignal,PTL_isSouodi,PTL_isSouodi,PTL_isNeutral,PTL_isNozooli,OB_Ehtiait_Nozool,Neutral,Neutral,Neutral,70.01537942,56.55187739,40.57446044,34.05872444,Edame_Ravand_Souod,Edame_Ravand_Souod,Edame_Ravand_Souod,Edame_Ravand_Nozool,OB_Ehtiait_Nozool,Neutral,Neutral,Buy Signa
6.27019802,Ravand mobham_Shayad_Kanal,Ravand mobham_Shayad_Kanal,Ravand_Transient Soodi To Nozooli,Ravand mobham_Shayad_Kanal,Ravand mobham_Shayad_Kanal,Ravand mobham_Shayad_Kanal,Ravand_Transient Soodi To Nozooli,Ravand mobham_Shayad_Kanal,No_newSignal,No_newSignal,No_newSignal,No_newSignal,PTL_isSouodi,PTL_isSouodi,PTL_isSouodi,PTL_isNozooli,Neutral,Exit_OB_Signal_Nozool,Neutral,Neutral,60.3067028,69.09322394,57.22347482,41.42245846,Edame_Ravand_Nozool,Edame_Ravand_Souod,Edame_Ravand_Souod,Edame_Ravand_Souod,Sell Signal,OB_Ehtiait_Nozool,Neutral,Neutral
-2.08980198,Ravand Nozooli,Ravand mobham_Shayad_Kanal,Ravand mobham_Shayad_Kanal,Ravand_Transient Soodi To Nozooli,Ravand Nozooli,Ravand mobham_Shayad_Kanal,Ravand mobham_Shayad_Kanal,Ravand mobham_Shayad_Kanal,No_newSignal,No_newSignal,No_newSignal,No_newSignal,PTL_isNozooli,PTL_isNozooli,PTL_isNeutral,PTL_isNozooli,Neutral,Neutral,Neutral,Neutral,38.11917513,45.96546426,49.94894941,39.96056691,Edame_Ravand_Nozool,Edame_Ravand_Nozool,Edame_Ravand_Nozool,Edame_Ravand_Souod,Buy Signa,Sell Signal,Neutral,Neutral
0.82019802,Ravand Nozooli,Ravand mobham_Shayad_Kanal,Ravand mobham_Shayad_Kanal,Ravand mobham_Shayad_Kanal,Ravand Nozooli,Ravand mobham_Shayad_Kanal,Ravand mobham_Shayad_Kanal,Ravand mobham_Shayad_Kanal,No_newSignal,No_newSignal,No_newSignal,No_newSignal,PTL_isNozooli,PTL_isNeutral,PTL_isNeutral,PTL_isNozooli,Neutral,Neutral,Neutral,Neutral,48.28011017,51.91686695,52.78700045,41.2141762,Edame_Ravand_Nozool,Ehtemale_Start_Nozool,Edame_Ravand_Souod,Edame_Ravand_Souod,Neutral,Neutral,Neutral,Sell Signal
-1.58980198,Ravand Soodi,Ravand_Transient Nozooli To Soodi,Ravand mobham_Shayad_Kanal,Ravand mobham_Shayad_Kanal,Ravand Soodi,Ravand mobham_Shayad_Kanal,Ravand mobham_Shayad_Kanal,Ravand mobham_Shayad_Kanal,No_newSignal,No_newSignal,No_newSignal,No_newSignal,PTL_isNeutral,PTL_isNozooli,PTL_isNeutral,PTL_isNozooli,Neutral,Neutral,Neutral,Neutral,50.19839696,44.54764038,48.19407576,40.51516798,Ehtemale_Start_Souod,Ehtemale_Start_Souod,Edame_Ravand_Nozool,Edame_Ravand_Souod,Neutral,Buy Signa,OS_Ehtiait_Souod,Neutral
12.89019802,Ravand Nozooli,Ravand mobham_Shayad_Kanal,Ravand_Transient Soodi To Nozooli,Ravand_Transient Soodi To Nozooli,Ravand mobham_Shayad_Kanal,Ravand mobham_Shayad_Kanal,Ravand_Transient Soodi To Nozooli,Ravand mobham_Shayad_Kanal,No_newSignal,No_newSignal,No_newSignal,Buy Signa_StartSouod,PTL_isSouodi,PTL_isSouodi,PTL_isSouodi,PTL_isSouodi,Neutral,OB_Ehtiait_Nozool,OB_Ehtiait_Nozool,Neutral,56.73774625,70.27061026,70.846514,53.09679647,Edame_Ravand_Nozool,Ehtemale_Start_Nozool,Edame_Ravand_Souod,Edame_Ravand_Souod,Neutral,Sell Signal,Sell Signal,Neutral
1.19019802,Ravand_Transient Soodi To Nozooli,Ravand mobham_Shayad_Kanal,Ravand_Transient Soodi To Nozooli,Ravand_Transient Soodi To Nozooli,Ravand mobham_Shayad_Kanal,Ravand mobham_Shayad_Kanal,Ravand_Transient Soodi To Nozooli,Ravand mobham_Shayad_Kanal,No_newSignal,No_newSignal,No_newSignal,No_newSignal,PTL_isSouodi,PTL_isSouodi,PTL_isSouodi,PTL_isSouodi,Neutral,Neutral,Neutral,Neutral,63.07286843,64.71513953,65.90096919,54.25925841,Edame_Ravand_Nozool,Edame_Ravand_Souod,Edame_Ravand_Souod,Edame_Ravand_Souod,Neutral,Neutral,Neutral,Neutral
-1.72980198,Ravand Nozooli,Ravand Nozooli,Ravand mobham_Shayad_Kanal,Ravand_Transient Soodi To Nozooli,Ravand Nozooli,Ravand Nozooli,Ravand mobham_Shayad_Kanal,Ravand_Transient Soodi To Nozooli,No_newSignal,Sell Signal_StartNozool,No_newSignal,No_newSignal,PTL_isNozooli,PTL_isNozooli,PTL_isSouodi,PTL_isSouodi,Neutral,Neutral,Neutral,Neutral,38.67653865,46.57166343,58.3707919,52.77757117,Edame_Ravand_Nozool,Edame_Ravand_Nozool,Edame_Ravand_Nozool,Edame_Ravand_Souod,OS_Ehtiait_Souod,Neutral,Neutral,Sell Signal
0.52019802,Ravand mobham_Shayad_Kanal,Ravand_Transient Nozooli To Soodi,Ravand mobham_Shayad_Kanal,Ravand mobham_Shayad_Kanal,Ravand mobham_Shayad_Kanal,Ravand mobham_Shayad_Kanal,Ravand mobham_Shayad_Kanal,Ravand mobham_Shayad_Kanal,No_newSignal,No_newSignal,No_newSignal,No_newSignal,PTL_isNozooli,PTL_isNeutral,PTL_isSouodi,PTL_isSouodi,Neutral,Neutral,Neutral,Neutral,44.55573596,50.14485152,56.77322972,53.07547593,Edame_Ravand_Nozool,Edame_Ravand_Nozool,Edame_Ravand_Nozool,Edame_Ravand_Souod,Neutral,Neutral,Sell Signal,Neutral
6.32019802,Ravand Nozooli,Ravand Nozooli,Ravand mobham_Shayad_Kanal,Ravand_Transient Soodi To Nozooli,Ravand Nozooli,Ravand mobham_Shayad_Kanal,Ravand mobham_Shayad_Kanal,Ravand_Transient Soodi To Nozooli,No_newSignal,No_newSignal,No_newSignal,No_newSignal,PTL_isNozooli,PTL_isNozooli,PTL_isSouodi,PTL_isSouodi,Neutral,Neutral,Neutral,Neutral,32.88473159,53.2916083,61.08039807,58.09038011,Edame_Ravand_Nozool,Edame_Ravand_Nozool,Ehtemale_Start_Nozool,Edame_Ravand_Souod,Neutral,Neutral,Neutral,Buy Signa
0.95019802,Ravand mobham_Shayad_Kanal,Ravand mobham_Shayad_Kanal,Ravand mobham_Shayad_Kanal,Ravand_Transient Soodi To Nozooli,Ravand mobham_Shayad_Kanal,Ravand mobham_Shayad_Kanal,Ravand mobham_Shayad_Kanal,Ravand_Transient Soodi To Nozooli,No_newSignal,No_newSignal,No_newSignal,No_newSignal,PTL_isSouodi,PTL_isNozooli,PTL_isSouodi,PTL_isSouodi,Neutral,Neutral,Neutral,Neutral,49.13039298,52.68894533,59.34757014,59.46887412,Edame_Ravand_Souod,Edame_Ravand_Nozool,Edame_Ravand_Nozool,Edame_Ravand_Souod,Neutral,Neutral,Neutral,Sell Signal
-6.42980198,Ravand Nozooli,Ravand mobham_Shayad_Kanal,Ravand mobham_Shayad_Kanal,Ravand mobham_Shayad_Kanal,Ravand mobham_Shayad_Kanal,Ravand mobham_Shayad_Kanal,Ravand mobham_Shayad_Kanal,Ravand mobham_Shayad_Kanal,No_newSignal,No_newSignal,No_newSignal,No_newSignal,PTL_isNozooli,PTL_isNozooli,PTL_isNozooli,PTL_isSouodi,Neutral,Neutral,Neutral,Neutral,46.07754867,41.84325503,47.44610295,52.60983934,Edame_Ravand_Nozool,Edame_Ravand_Souod,Edame_Ravand_Nozool,Edame_Ravand_Souod,Buy Signa,Sell Signal,Neutral,Neutral
-0.94980198,Ravand mobham_Shayad_Kanal,Ravand mobham_Shayad_Kanal,Ravand mobham_Shayad_Kanal,Ravand mobham_Shayad_Kanal,Ravand mobham_Shayad_Kanal,Ravand mobham_Shayad_Kanal,Ravand mobham_Shayad_Kanal,Ravand mobham_Shayad_Kanal,No_newSignal,No_newSignal,No_newSignal,No_newSignal,PTL_isNeutral,PTL_isNeutral,PTL_isNozooli,PTL_isSouodi,Neutral,Neutral,Neutral,Neutral,51.61178475,48.164808,46.90815105,51.51260144,Ehtemale_Start_Nozool,Edame_Ravand_Souod,Edame_Ravand_Nozool,Edame_Ravand_Souod,Neutral,Neutral,Neutral,Neutral
-2.35980198,Ravand mobham_Shayad_Kanal,Ravand mobham_Shayad_Kanal,Ravand_Transient Nozooli To Soodi,Ravand mobham_Shayad_Kanal,Ravand mobham_Shayad_Kanal,Ravand mobham_Shayad_Kanal,Ravand mobham_Shayad_Kanal,Ravand mobham_Shayad_Kanal,No_newSignal,No_newSignal,No_newSignal,No_newSignal,PTL_isNozooli,PTL_isNeutral,PTL_isNeutral,PTL_isSouodi,Neutral,Neutral,Neutral,Neutral,39.1178554,42.14777703,43.85306781,49.28459858,Edame_Ravand_Nozool,Edame_Ravand_Nozool,Edame_Ravand_Nozool,Edame_Ravand_Nozool,Buy Signa,Neutral,Neutral,Neutral
-15.19980198,Ravand Nozooli,Ravand Nozooli,Ravand Nozooli,Ravand Nozooli,Ravand Nozooli,Ravand Nozooli,Ravand Nozooli,Ravand Nozooli,No_newSignal,Sell Signal_StartNozool,Sell Signal_StartNozool,Sell Signal_StartNozool,PTL_isNozooli,PTL_isNozooli,PTL_isNozooli,PTL_isNozooli,Vorood_OS_Ehtemal_Souod,Vorood_OS_Ehtemal_Souod,Vorood_OS_Ehtemal_Souod,Neutral,16.99028154,22.0310459,27.19259684,36.70259978,Edame_Ravand_Nozool,Edame_Ravand_Nozool,Edame_Ravand_Nozool,Edame_Ravand_Nozool,Sell Signal,OS_Ehtiait_Souod,Neutral,OS_Ehtiait_Souod
9.29019802,Ravand_Transient Soodi To Nozooli,Ravand_Transient Soodi To Nozooli,Ravand_Transient Soodi To Nozooli,Ravand_Transient Nozooli To Soodi,Ravand_Transient Soodi To Nozooli,Ravand_Transient Soodi To Nozooli,Ravand mobham_Shayad_Kanal,Ravand_Transient Nozooli To Soodi,No_newSignal,No_newSignal,No_newSignal,No_newSignal,PTL_isSouodi,PTL_isSouodi,PTL_isNeutral,PTL_isNozooli,OB_Ehtiait_Nozool,Neutral,Neutral,Neutral,70.89466289,60.45135026,46.79499973,43.90742182,Edame_Ravand_Souod,Edame_Ravand_Souod,Edame_Ravand_Souod,Edame_Ravand_Nozool,Sell Signal,Neutral,Neutral,Neutral
3.90019802,Ravand Nozooli,Ravand Nozooli,Ravand_Transient Soodi To Nozooli,Ravand mobham_Shayad_Kanal,Ravand Nozooli,Ravand_Transient Soodi To Nozooli,Ravand_Transient Soodi To Nozooli,Ravand mobham_Shayad_Kanal,No_newSignal,No_newSignal,No_newSignal,No_newSignal,PTL_isNozooli,PTL_isNeutral,PTL_isSouodi,PTL_isNozooli,Neutral,Neutral,Neutral,Neutral,50.67648936,62.94481711,52.97403411,48.01782921,Edame_Ravand_Nozool,Edame_Ravand_Nozool,Edame_Ravand_Souod,Edame_Ravand_Nozool,Buy Signa,Neutral,Sell Signal,Neutral
2.71019802,Ravand_Transient Nozooli To Soodi,Ravand_Transient Nozooli To Soodi,Ravand mobham_Shayad_Kanal,Ravand mobham_Shayad_Kanal,Ravand_Transient Nozooli To Soodi,Ravand_Transient Nozooli To Soodi,Ravand mobham_Shayad_Kanal,Ravand mobham_Shayad_Kanal,No_newSignal,No_newSignal,No_newSignal,No_newSignal,PTL_isNozooli,PTL_isNeutral,PTL_isSouodi,PTL_isNozooli,Neutral,Neutral,Neutral,Neutral,42.29161623,54.72644082,56.07447602,51.09305551,Ehtemale_Start_Souod,Edame_Ravand_Nozool,Edame_Ravand_Souod,Edame_Ravand_Souod,Neutral,Buy Signa,Neutral,Neutral
-1.92980198,Ravand mobham_Shayad_Kanal,Ravand mobham_Shayad_Kanal,Ravand mobham_Shayad_Kanal,Ravand mobham_Shayad_Kanal,Ravand mobham_Shayad_Kanal,Ravand mobham_Shayad_Kanal,Ravand mobham_Shayad_Kanal,Ravand mobham_Shayad_Kanal,Sell Signal_StartNozool,No_newSignal,No_newSignal,No_newSignal,PTL_isNozooli,PTL_isSouodi,PTL_isNozooli,PTL_isNozooli,Neutral,Neutral,Neutral,Neutral,53.91420981,52.41965276,52.43251994,48.99791744,Edame_Ravand_Nozool,Edame_Ravand_Souod,Edame_Ravand_Souod,Edame_Ravand_Nozool,Neutral,Neutral,Neutral,Neutral
-9.55980198,Ravand Nozooli,Ravand Nozooli,Ravand Nozooli,Ravand mobham_Shayad_Kanal,Ravand Nozooli,Ravand Nozooli,Ravand Nozooli,Ravand mobham_Shayad_Kanal,No_newSignal,No_newSignal,No_newSignal,No_newSignal,PTL_isNozooli,PTL_isNozooli,PTL_isNozooli,PTL_isNozooli,Vorood_OS_Ehtemal_Souod,Vorood_OS_Ehtemal_Souod,Neutral,Neutral,24.69275376,25.13961566,34.83025453,39.83685661,Ehtemale_Start_Nozool,Edame_Ravand_Nozool,Edame_Ravand_Nozool,Edame_Ravand_Nozool,Neutral,Sell Signal,OS_Ehtiait_Souod,Neutral
2.19019802,Ravand Nozooli,Ravand mobham_Shayad_Kanal,Ravand mobham_Shayad_Kanal,Ravand mobham_Shayad_Kanal,Ravand mobham_Shayad_Kanal,Ravand mobham_Shayad_Kanal,Ravand mobham_Shayad_Kanal,Ravand mobham_Shayad_Kanal,No_newSignal,No_newSignal,No_newSignal,No_newSignal,PTL_isNozooli,PTL_isNeutral,PTL_isNozooli,PTL_isNozooli,Neutral,Neutral,Neutral,Neutral,45.99685054,41.07362827,39.47341513,41.50402461,Edame_Ravand_Souod,Edame_Ravand_Souod,Edame_Ravand_Nozool,Edame_Ravand_Nozool,Buy Signa,Buy Signa,Neutral,Neutral
5.28019802,Ravand_Transient Nozooli To Soodi,Ravand mobham_Shayad_Kanal,Ravand_Transient Soodi To Nozooli,Ravand mobham_Shayad_Kanal,Ravand mobham_Shayad_Kanal,Ravand mobham_Shayad_Kanal,Ravand_Transient Soodi To Nozooli,Ravand mobham_Shayad_Kanal,No_newSignal,No_newSignal,No_newSignal,No_newSignal,PTL_isNeutral,PTL_isSouodi,PTL_isSouodi,PTL_isNozooli,Neutral,OB_Ehtiait_Nozool,Neutral,Neutral,66.09775,75.69306671,55.60268595,47.81854755,Edame_Ravand_Nozool,Edame_Ravand_Souod,Edame_Ravand_Souod,Edame_Ravand_Souod,Buy Signa,Neutral,Neutral,Buy Signa
2.23019802,Ravand_Transient Nozooli To Soodi,Ravand_Transient Nozooli To Soodi,Ravand_Transient Soodi To Nozooli,Ravand_Transient Soodi To Nozooli,Ravand_Transient Nozooli To Soodi,Ravand mobham_Shayad_Kanal,Ravand_Transient Soodi To Nozooli,Ravand mobham_Shayad_Kanal,No_newSignal,No_newSignal,No_newSignal,No_newSignal,PTL_isNozooli,PTL_isNeutral,PTL_isSouodi,PTL_isNozooli,Neutral,Neutral,Neutral,Neutral,47.96950908,54.99864029,55.43944282,50.30166521,Edame_Ravand_Nozool,Edame_Ravand_Nozool,Edame_Ravand_Souod,Edame_Ravand_Souod,OS_Ehtiait_Souod,Neutral,Buy Signa,Neutral
7.81019802,Ravand_Transient Soodi To Nozooli,Ravand_Transient Soodi To Nozooli,Ravand mobham_Shayad_Kanal,Ravand_Transient Soodi To Nozooli,Ravand_Transient Soodi To Nozooli,Ravand_Transient Soodi To Nozooli,Ravand_Transient Soodi To Nozooli,Ravand mobham_Shayad_Kanal,No_newSignal,No_newSignal,No_newSignal,Buy Signa_StartSouod,PTL_isSouodi,PTL_isSouodi,PTL_isSouodi,PTL_isSouodi,Neutral,Neutral,Neutral,Neutral,66.36746814,66.24177156,63.55252025,57.85792468,Edame_Ravand_Souod,Edame_Ravand_Souod,Edame_Ravand_Souod,Edame_Ravand_Souod,Neutral,OB_Ehtiait_Nozool,Neutral,Neutral
2.23019802,Ravand Nozooli,Ravand Nozooli,Ravand mobham_Shayad_Kanal,Ravand_Transient Soodi To Nozooli,Ravand Nozooli,Ravand mobham_Shayad_Kanal,Ravand mobham_Shayad_Kanal,Ravand_Transient Soodi To Nozooli,No_newSignal,No_newSignal,No_newSignal,No_newSignal,PTL_isNozooli,PTL_isNozooli,PTL_isSouodi,PTL_isSouodi,Neutral,Neutral,Neutral,Neutral,35.96966329,56.03481561,62.79267098,59.49097166,Edame_Ravand_Nozool,Edame_Ravand_Nozool,Ehtemale_Start_Nozool,Edame_Ravand_Souod,Neutral,OS_Ehtiait_Souod,Neutral,OB_Ehtiait_Nozool
-0.90980198,Ravand Nozooli,Ravand Nozooli,Ravand mobham_Shayad_Kanal,Ravand mobham_Shayad_Kanal,Ravand Nozooli,Ravand mobham_Shayad_Kanal,Ravand mobham_Shayad_Kanal,Ravand mobham_Shayad_Kanal,No_newSignal,No_newSignal,No_newSignal,No_newSignal,PTL_isNozooli,PTL_isNozooli,PTL_isNeutral,PTL_isSouodi,Neutral,Neutral,Neutral,Neutral,39.11047042,46.07279751,58.22386956,58.3765326,Ehtemale_Start_Nozool,Ehtemale_Start_Nozool,Edame_Ravand_Nozool,Edame_Ravand_Souod,Neutral,Neutral,Neutral,Sell Signal
-3.58980198,Ravand Nozooli,Ravand mobham_Shayad_Kanal,Ravand_Transient Nozooli To Soodi,Ravand mobham_Shayad_Kanal,Ravand mobham_Shayad_Kanal,Ravand mobham_Shayad_Kanal,Ravand_Transient Nozooli To Soodi,Ravand mobham_Shayad_Kanal,No_newSignal,No_newSignal,No_newSignal,No_newSignal,PTL_isSouodi,PTL_isNozooli,PTL_isNozooli,PTL_isSouodi,Neutral,Neutral,Neutral,Neutral,46.88257932,40.14112089,50.32889449,54.68357115,Edame_Ravand_Souod,Ehtemale_Start_Souod,Edame_Ravand_Nozool,Edame_Ravand_Souod,Neutral,Neutral,Buy Signa,Neutral
-2.26980198,Ravand Nozooli,Ravand mobham_Shayad_Kanal,Ravand mobham_Shayad_Kanal,Ravand mobham_Shayad_Kanal,Ravand Nozooli,Ravand mobham_Shayad_Kanal,Ravand mobham_Shayad_Kanal,Ravand mobham_Shayad_Kanal,No_newSignal,No_newSignal,No_newSignal,No_newSignal,PTL_isSouodi,PTL_isNeutral,PTL_isNozooli,PTL_isNeutral,Neutral,Neutral,Neutral,Neutral,49.49631303,41.5230105,45.19299295,52.00862278,Edame_Ravand_Nozool,Edame_Ravand_Souod,Edame_Ravand_Nozool,Edame_Ravand_Nozool,Neutral,Neutral,Neutral,Neutral
7.35019802,Ravand Nozooli,Ravand_Transient Soodi To Nozooli,Ravand_Transient Soodi To Nozooli,Ravand mobham_Shayad_Kanal,Ravand mobham_Shayad_Kanal,Ravand_Transient Soodi To Nozooli,Ravand_Transient Soodi To Nozooli,Ravand mobham_Shayad_Kanal,No_newSignal,No_newSignal,No_newSignal,No_newSignal,PTL_isNeutral,PTL_isSouodi,PTL_isSouodi,PTL_isNeutral,Neutral,OB_Ehtiait_Nozool,Neutral,Neutral,60.96815427,74.49055869,64.03054408,58.91710328,Edame_Ravand_Nozool,Edame_Ravand_Souod,Edame_Ravand_Souod,Edame_Ravand_Souod,Neutral,OB_Ehtiait_Nozool,OB_Ehtiait_Nozool,Buy Signa
-3.08980198,Ravand Soodi,Ravand Soodi,Ravand mobham_Shayad_Kanal,Ravand mobham_Shayad_Kanal,Ravand Soodi,Ravand mobham_Shayad_Kanal,Ravand mobham_Shayad_Kanal,Ravand mobham_Shayad_Kanal,No_newSignal,No_newSignal,No_newSignal,No_newSignal,PTL_isSouodi,PTL_isNeutral,PTL_isNeutral,PTL_isNeutral,Neutral,Neutral,Neutral,Neutral,58.27083079,49.15361893,53.25548983,55.27104304,Ehtemale_Start_Souod,Ehtemale_Start_Souod,Edame_Ravand_Nozool,Edame_Ravand_Souod,Neutral,Neutral,Buy Signa,Buy Signa
-0.26980198,Ravand mobham_Shayad_Kanal,Ravand_Transient Nozooli To Soodi,Ravand mobham_Shayad_Kanal,Ravand_Transient Soodi To Nozooli,Ravand mobham_Shayad_Kanal,Ravand mobham_Shayad_Kanal,Ravand mobham_Shayad_Kanal,Ravand_Transient Soodi To Nozooli,No_newSignal,No_newSignal,No_newSignal,No_newSignal,PTL_isNeutral,PTL_isNozooli,PTL_isSouodi,PTL_isNeutral,Neutral,Neutral,Neutral,Neutral,42.63375954,44.21579629,50.22309607,55.18084085,Edame_Ravand_Nozool,Edame_Ravand_Nozool,Edame_Ravand_Nozool,Edame_Ravand_Souod,Neutral,Neutral,Buy Signa,Sell Signal
4.78019802,Ravand Nozooli,Ravand mobham_Shayad_Kanal,Ravand mobham_Shayad_Kanal,Ravand mobham_Shayad_Kanal,Ravand mobham_Shayad_Kanal,Ravand mobham_Shayad_Kanal,Ravand mobham_Shayad_Kanal,Ravand mobham_Shayad_Kanal,No_newSignal,No_newSignal,No_newSignal,No_newSignal,PTL_isNeutral,PTL_isSouodi,PTL_isSouodi,PTL_isNeutral,Neutral,Neutral,Neutral,Neutral,56.97100814,67.78328184,61.51457431,59.37841312,Edame_Ravand_Nozool,Edame_Ravand_Souod,Edame_Ravand_Souod,Edame_Ravand_Souod,Neutral,OB_Ehtiait_Nozool,OB_Ehtiait_Nozool,Neutral
-3.18980198,Ravand mobham_Shayad_Kanal,Ravand_Transient Nozooli To Soodi,Ravand mobham_Shayad_Kanal,Ravand_Transient Soodi To Nozooli,Ravand mobham_Shayad_Kanal,Ravand mobham_Shayad_Kanal,Ravand mobham_Shayad_Kanal,Ravand_Transient Soodi To Nozooli,No_newSignal,No_newSignal,No_newSignal,No_newSignal,PTL_isNozooli,PTL_isSouodi,PTL_isNeutral,PTL_isNeutral,Neutral,Neutral,Neutral,Neutral,41.48917578,43.14520945,50.33506985,55.66093659,Ehtemale_Start_Nozool,Edame_Ravand_Nozool,Edame_Ravand_Nozool,Edame_Ravand_Souod,Neutral,OS_Ehtiait_Souod,Neutral,Sell Signal
-8.75980198,Ravand Nozooli,Ravand Nozooli,Ravand Nozooli,Ravand Nozooli,Ravand Nozooli,Ravand Nozooli,Ravand Nozooli,Ravand mobham_Shayad_Kanal,No_newSignal,No_newSignal,No_newSignal,Sell Signal_StartNozool,PTL_isNozooli,PTL_isNozooli,PTL_isNozooli,PTL_isNozooli,Neutral,OS_Ehtiait_Souod,Neutral,Neutral,32.72171845,24.7729152,33.09253042,47.16582884,Edame_Ravand_Souod,Edame_Ravand_Nozool,Edame_Ravand_Nozool,Edame_Ravand_Nozool,OS_Ehtiait_Souod,OS_Ehtiait_Souod,OS_Ehtiait_Souod,Neutral
0.52019802,Ravand Soodi,Ravand Soodi,Ravand_Transient_Ravand_Mobham,Ravand_Transient Nozooli To Soodi,Ravand Soodi,Ravand mobham_Shayad_Kanal,Ravand_Transient Nozooli To Soodi,Ravand_Transient Nozooli To Soodi,No_newSignal,No_newSignal,No_newSignal,No_newSignal,PTL_isSouodi,PTL_isNeutral,PTL_isNozooli,PTL_isNozooli,Neutral,Neutral,Neutral,Neutral,65.6832605,52.23828423,41.71388988,48.13765243,Edame_Ravand_Souod,Ehtemale_Start_Souod,Ehtemale_Start_Souod,Edame_Ravand_Nozool,OB_Ehtiait_Nozool,Neutral,Neutral,OS_Ehtiait_Souod
8.56019802,Ravand mobham_Shayad_Kanal,Ravand mobham_Shayad_Kanal,Ravand_Transient Soodi To Nozooli,Ravand mobham_Shayad_Kanal,Ravand mobham_Shayad_Kanal,Ravand mobham_Shayad_Kanal,Ravand_Transient Soodi To Nozooli,Ravand mobham_Shayad_Kanal,No_newSignal,No_newSignal,No_newSignal,No_newSignal,PTL_isNeutral,PTL_isNeutral,PTL_isSouodi,PTL_isNozooli,Neutral,Neutral,Neutral,Neutral,54.88319843,68.32644878,60.03496667,55.32390154,Ehtemale_Start_Souod,Edame_Ravand_Nozool,Edame_Ravand_Souod,Edame_Ravand_Souod,Neutral,Neutral,OB_Ehtiait_Nozool,Neutral
13.54019802,Ravand mobham_Shayad_Kanal,Ravand_Transient Soodi To Nozooli,Ravand_Transient Soodi To Nozooli,Ravand_Transient Soodi To Nozooli,Ravand mobham_Shayad_Kanal,Ravand_Transient Soodi To Nozooli,Ravand_Transient Soodi To Nozooli,Ravand_Transient Soodi To Nozooli,No_newSignal,No_newSignal,No_newSignal,Buy Signa_StartSouod,PTL_isSouodi,PTL_isSouodi,PTL_isSouodi,PTL_isSouodi,OB_Ehtiait_Nozool,OB_Ehtiait_Nozool,OB_Ehtiait_Nozool,Neutral,75.13117568,79.65331474,76.81168698,63.73361829,Ehtemale_Start_Nozool,Edame_Ravand_Souod,Edame_Ravand_Souod,Edame_Ravand_Souod,Sell Signal,OB_Ehtiait_Nozool,OB_Ehtiait_Nozool,Neutral
16.62019802,Ravand mobham_Shayad_Kanal,Ravand mobham_Shayad_Kanal,Ravand_Transient Soodi To Nozooli,Ravand_Transient Soodi To Nozooli,Ravand mobham_Shayad_Kanal,Ravand mobham_Shayad_Kanal,Ravand_Transient Soodi To Nozooli,Ravand_Transient Soodi To Nozooli,No_newSignal,No_newSignal,No_newSignal,No_newSignal,PTL_isNeutral,PTL_isSouodi,PTL_isSouodi,PTL_isSouodi,Neutral,OB_Ehtiait_Nozool,OB_Ehtiait_Nozool,OB_Ehtiait_Nozool,62.70636232,77.66445378,85.59072088,71.33942523,Edame_Ravand_Nozool,Edame_Ravand_Nozool,Edame_Ravand_Souod,Edame_Ravand_Souod,Neutral,Sell Signal,Sell Signal,OB_Ehtiait_Nozool
-0.28980198,Ravand mobham_Shayad_Kanal,Ravand mobham_Shayad_Kanal,Ravand_Transient Nozooli To Soodi,Ravand_Transient Soodi To Nozooli,Ravand mobham_Shayad_Kanal,Ravand mobham_Shayad_Kanal,Ravand mobham_Shayad_Kanal,Ravand_Transient Soodi To Nozooli,No_newSignal,No_newSignal,No_newSignal,No_newSignal,PTL_isNeutral,PTL_isNeutral,PTL_isSouodi,PTL_isSouodi,Neutral,Neutral,OB_Ehtiait_Nozool,OB_Ehtiait_Nozool,43.40965073,51.01385237,73.18658292,70.89935578,Ehtemale_Start_Souod,Edame_Ravand_Nozool,Edame_Ravand_Nozool,Edame_Ravand_Souod,Neutral,Sell Signal,Neutral,OB_Ehtiait_Nozool
5.78019802,Ravand Soodi,Ravand mobham_Shayad_Kanal,Ravand mobham_Shayad_Kanal,Ravand mobham_Shayad_Kanal,Ravand mobham_Shayad_Kanal,Ravand mobham_Shayad_Kanal,Ravand mobham_Shayad_Kanal,Ravand mobham_Shayad_Kanal,No_newSignal,No_newSignal,No_newSignal,No_newSignal,PTL_isNeutral,PTL_isSouodi,PTL_isSouodi,PTL_isSouodi,Neutral,Neutral,OB_Ehtiait_Nozool,OB_Ehtiait_Nozool,52.48432111,56.25701921,73.75726222,73.17476338,Edame_Ravand_Souod,Edame_Ravand_Nozool,Edame_Ravand_Nozool,Edame_Ravand_Souod,Neutral,Neutral,Neutral,Buy Signa
-1.23980198,Ravand Soodi,Ravand Soodi,Ravand mobham_Shayad_Kanal,Ravand mobham_Shayad_Kanal,Ravand Soodi,Ravand mobham_Shayad_Kanal,Ravand mobham_Shayad_Kanal,Ravand mobham_Shayad_Kanal,No_newSignal,No_newSignal,No_newSignal,No_newSignal,PTL_isNeutral,PTL_isSouodi,PTL_isSouodi,PTL_isSouodi,Neutral,Neutral,Neutral,OB_Ehtiait_Nozool,52.57505737,49.4857119,66.21032475,72.43429261,Edame_Ravand_Souod,Ehtemale_Start_Souod,Edame_Ravand_Nozool,Edame_Ravand_Souod,Neutral,Neutral,Neutral,OB_Ehtiait_Nozool
8.13019802,Ravand mobham_Shayad_Kanal,Ravand_Transient Nozooli To Soodi,Ravand_Transient Soodi To Nozooli,Ravand_Transient Soodi To Nozooli,Ravand mobham_Shayad_Kanal,Ravand mobham_Shayad_Kanal,Ravand_Transient Soodi To Nozooli,Ravand_Transient Soodi To Nozooli,No_newSignal,No_newSignal,No_newSignal,No_newSignal,PTL_isNeutral,PTL_isNeutral,PTL_isSouodi,PTL_isSouodi,Neutral,Neutral,Neutral,OB_Ehtiait_Nozool,46.32942268,60.01127965,69.29687549,75.62446465,Edame_Ravand_Nozool,Edame_Ravand_Nozool,Edame_Ravand_Nozool,Edame_Ravand_Souod,Buy Signa,OS_Ehtiait_Souod,Neutral,OB_Ehtiait_Nozool
-2.39980198,Ravand_Transient Nozooli To Soodi,Ravand mobham_Shayad_Kanal,Ravand mobham_Shayad_Kanal,Ravand mobham_Shayad_Kanal,Ravand mobham_Shayad_Kanal,Ravand mobham_Shayad_Kanal,Ravand mobham_Shayad_Kanal,Ravand mobham_Shayad_Kanal,No_newSignal,No_newSignal,No_newSignal,No_newSignal,PTL_isNeutral,PTL_isNozooli,PTL_isNeutral,PTL_isSouodi,Neutral,Neutral,Neutral,OB_Ehtiait_Nozool,44.50649016,46.53224598,59.06892561,72.76063763,Ehtemale_Start_Souod,Edame_Ravand_Nozool,Edame_Ravand_Nozool,Edame_Ravand_Souod,Buy Signa,Neutral,Buy Signa,Neutral
-3.31980198,Ravand mobham_Shayad_Kanal,Ravand mobham_Shayad_Kanal,Ravand mobham_Shayad_Kanal,Ravand mobham_Shayad_Kanal,Ravand mobham_Shayad_Kanal,Ravand mobham_Shayad_Kanal,Ravand mobham_Shayad_Kanal,Ravand mobham_Shayad_Kanal,No_newSignal,No_newSignal,No_newSignal,No_newSignal,PTL_isNeutral,PTL_isNozooli,PTL_isNozooli,PTL_isSouodi,Neutral,Neutral,Neutral,Neutral,49.53541457,43.66079326,50.64250291,68.99408919,Edame_Ravand_Souod,Edame_Ravand_Souod,Edame_Ravand_Nozool,Ehtemale_Start_Nozool,Neutral,Buy Signa,Neutral,Neutral
2.66019802,Ravand Nozooli,Ravand mobham_Shayad_Kanal,Ravand mobham_Shayad_Kanal,Ravand mobham_Shayad_Kanal,Ravand Nozooli,Ravand mobham_Shayad_Kanal,Ravand mobham_Shayad_Kanal,Ravand mobham_Shayad_Kanal,No_newSignal,No_newSignal,No_newSignal,No_newSignal,PTL_isNozooli,PTL_isSouodi,PTL_isNeutral,PTL_isSouodi,Neutral,Neutral,Neutral,Exit_OB_Signal_Nozool,46.82181895,54.06403553,56.3192446,69.94391615,Edame_Ravand_Nozool,Edame_Ravand_Nozool,Edame_Ravand_Nozool,Edame_Ravand_Nozool,Neutral,Neutral,Sell Signal,Buy Signa
4.50019802,Ravand mobham_Shayad_Kanal,Ravand mobham_Shayad_Kanal,Ravand mobham_Shayad_Kanal,Ravand mobham_Shayad_Kanal,Ravand mobham_Shayad_Kanal,Ravand mobham_Shayad_Kanal,Ravand mobham_Shayad_Kanal,Ravand mobham_Shayad_Kanal,No_newSignal,No_newSignal,No_newSignal,No_newSignal,PTL_isNozooli,PTL_isSouodi,PTL_isSouodi,PTL_isSouodi,Neutral,Neutral,Neutral,OB_Ehtiait_Nozool,56.26529851,66.30573048,66.65494408,72.22146424,Edame_Ravand_Nozool,Edame_Ravand_Nozool,Edame_Ravand_Souod,Ehtemale_Start_Nozool,Neutral,Buy Signa,Buy Signa,Neutral
2.21019802,Ravand mobham_Shayad_Kanal,Ravand mobham_Shayad_Kanal,Ravand mobham_Shayad_Kanal,Ravand_Transient Soodi To Nozooli,Ravand mobham_Shayad_Kanal,Ravand mobham_Shayad_Kanal,Ravand mobham_Shayad_Kanal,Ravand_Transient Soodi To Nozooli,No_newSignal,No_newSignal,No_newSignal,No_newSignal,PTL_isNeutral,PTL_isSouodi,PTL_isSouodi,PTL_isSouodi,Neutral,Neutral,Neutral,OB_Ehtiait_Nozool,54.07019687,60.4258607,62.1374554,73.18012277,Edame_Ravand_Nozool,Ehtemale_Start_Nozool,Edame_Ravand_Souod,Ehtemale_Start_Nozool,Neutral,Neutral,Buy Signa,Neutral
-3.71980198,Ravand mobham_Shayad_Kanal,Ravand mobham_Shayad_Kanal,Ravand mobham_Shayad_Kanal,Ravand mobham_Shayad_Kanal,Ravand mobham_Shayad_Kanal,Ravand mobham_Shayad_Kanal,Ravand mobham_Shayad_Kanal,Ravand mobham_Shayad_Kanal,No_newSignal,No_newSignal,No_newSignal,No_newSignal,PTL_isSouodi,PTL_isNeutral,PTL_isNozooli,PTL_isSouodi,Neutral,Neutral,Neutral,Neutral,56.98203852,49.12806145,51.51808608,68.24255126,Edame_Ravand_Souod,Edame_Ravand_Souod,Edame_Ravand_Nozool,Edame_Ravand_Nozool,Neutral,Buy Signa,Neutral,Sell Signal
-5.15980198,Ravand Soodi,Ravand mobham_Shayad_Kanal,Ravand mobham_Shayad_Kanal,Ravand_Transient Nozooli To Soodi,Ravand mobham_Shayad_Kanal,Ravand mobham_Shayad_Kanal,Ravand mobham_Shayad_Kanal,Ravand mobham_Shayad_Kanal,No_newSignal,No_newSignal,No_newSignal,No_newSignal,PTL_isSouodi,PTL_isNeutral,PTL_isNozooli,PTL_isNeutral,Neutral,Neutral,Neutral,Neutral,56.58003327,43.24567226,43.44527539,62.33339789,Edame_Ravand_Nozool,Edame_Ravand_Souod,Edame_Ravand_Nozool,Edame_Ravand_Nozool,Neutral,Neutral,Neutral,Neutral
-3.25980198,Ravand Soodi,Ravand Soodi,Ravand mobham_Shayad_Kanal,Ravand mobham_Shayad_Kanal,Ravand Soodi,Ravand mobham_Shayad_Kanal,Ravand mobham_Shayad_Kanal,Ravand mobham_Shayad_Kanal,No_newSignal,No_newSignal,No_newSignal,No_newSignal,PTL_isSouodi,PTL_isNozooli,PTL_isNozooli,PTL_isNozooli,Neutral,Neutral,Neutral,Neutral,52.29388182,43.12052114,39.11541634,58.51662091,Edame_Ravand_Souod,Edame_Ravand_Souod,Edame_Ravand_Nozool,Edame_Ravand_Nozool,Sell Signal,Neutral,Neutral,OS_Ehtiait_Souod
-1.92980198,Ravand Soodi,Ravand mobham_Shayad_Kanal,Ravand mobham_Shayad_Kanal,Ravand_Transient Nozooli To Soodi,Ravand mobham_Shayad_Kanal,Ravand mobham_Shayad_Kanal,Ravand mobham_Shayad_Kanal,Ravand_Transient Nozooli To Soodi,No_newSignal,No_newSignal,No_newSignal,No_newSignal,PTL_isNeutral,PTL_isNozooli,PTL_isNozooli,PTL_isNozooli,Neutral,Neutral,Neutral,Neutral,49.40427946,42.12003351,38.88178835,56.44750662,Edame_Ravand_Souod,Edame_Ravand_Souod,Ehtemale_Start_Souod,Edame_Ravand_Nozool,Neutral,Neutral,Buy Signa,Buy Signa
-0.78980198,Ravand mobham_Shayad_Kanal,Ravand_Transient Nozooli To Soodi,Ravand mobham_Shayad_Kanal,Ravand_Transient Nozooli To Soodi,Ravand mobham_Shayad_Kanal,Ravand_Transient Nozooli To Soodi,Ravand mobham_Shayad_Kanal,Ravand_Transient Nozooli To Soodi,No_newSignal,No_newSignal,No_newSignal,No_newSignal,PTL_isNozooli,PTL_isNozooli,PTL_isNeutral,PTL_isNozooli,Neutral,Neutral,Neutral,Neutral,38.75056258,41.03401609,38.09040942,55.30549679,Edame_Ravand_Souod,Edame_Ravand_Nozool,Edame_Ravand_Nozool,Edame_Ravand_Nozool,Neutral,Sell Signal,Neutral,OS_Ehtiait_Souod
-5.11980198,Ravand mobham_Shayad_Kanal,Ravand_Transient Nozooli To Soodi,Ravand_Transient Nozooli To Soodi,Ravand_Transient Nozooli To Soodi,Ravand mobham_Shayad_Kanal,Ravand_Transient Nozooli To Soodi,Ravand_Transient Nozooli To Soodi,Ravand_Transient Nozooli To Soodi,No_newSignal,No_newSignal,No_newSignal,No_newSignal,PTL_isNozooli,PTL_isNozooli,PTL_isNozooli,PTL_isNozooli,Exit_OS_Signal_Souod,Exit_OS_Signal_Souod,OS_Ehtiait_Souod,Neutral,31.81047662,30.22335717,29.36302265,49.6378348,Edame_Ravand_Nozool,Edame_Ravand_Nozool,Edame_Ravand_Nozool,Edame_Ravand_Nozool,Buy Signa,Buy Signa,OS_Ehtiait_Souod,OS_Ehtiait_Souod
5.60019802,Ravand mobham_Shayad_Kanal,Ravand mobham_Shayad_Kanal,Ravand mobham_Shayad_Kanal,Ravand_Transient Nozooli To Soodi,Ravand mobham_Shayad_Kanal,Ravand mobham_Shayad_Kanal,Ravand mobham_Shayad_Kanal,Ravand_Transient Nozooli To Soodi,No_newSignal,No_newSignal,No_newSignal,No_newSignal,PTL_isSouodi,PTL_isSouodi,PTL_isNozooli,PTL_isNozooli,Neutral,Neutral,Neutral,Neutral,53.11822439,58.33341676,49.88023237,55.16049769,Edame_Ravand_Nozool,Edame_Ravand_Souod,Edame_Ravand_Souod,Edame_Ravand_Nozool,Buy Signa,Neutral,Sell Signal,Neutral
2.04019802,Ravand mobham_Shayad_Kanal,Ravand mobham_Shayad_Kanal,Ravand mobham_Shayad_Kanal,Ravand mobham_Shayad_Kanal,Ravand mobham_Shayad_Kanal,Ravand mobham_Shayad_Kanal,Ravand mobham_Shayad_Kanal,Ravand mobham_Shayad_Kanal,No_newSignal,No_newSignal,No_newSignal,No_newSignal,PTL_isNozooli,PTL_isSouodi,PTL_isNeutral,PTL_isNozooli,Neutral,Neutral,Neutral,Neutral,44.44409415,57.88966325,54.34454417,56.2588582,Edame_Ravand_Nozool,Edame_Ravand_Nozool,Edame_Ravand_Souod,Edame_Ravand_Nozool,Buy Signa,Neutral,Sell Signal,Neutral
0.32019802,Ravand mobham_Shayad_Kanal,Ravand mobham_Shayad_Kanal,Ravand mobham_Shayad_Kanal,Ravand_Transient Soodi To Nozooli,Ravand mobham_Shayad_Kanal,Ravand mobham_Shayad_Kanal,Ravand mobham_Shayad_Kanal,Ravand mobham_Shayad_Kanal,No_newSignal,No_newSignal,No_newSignal,No_newSignal,PTL_isSouodi,PTL_isNozooli,PTL_isNozooli,PTL_isNozooli,Neutral,Neutral,Neutral,Neutral,57.69860693,53.20009227,53.76497239,56.62513192,Edame_Ravand_Souod,Edame_Ravand_Souod,Edame_Ravand_Souod,Edame_Ravand_Nozool,Buy Signa,OB_Ehtiait_Nozool,Neutral,Neutral
-2.27980198,Ravand mobham_Shayad_Kanal,Ravand mobham_Shayad_Kanal,Ravand mobham_Shayad_Kanal,Ravand mobham_Shayad_Kanal,Ravand mobham_Shayad_Kanal,Ravand mobham_Shayad_Kanal,Ravand mobham_Shayad_Kanal,Ravand mobham_Shayad_Kanal,No_newSignal,No_newSignal,No_newSignal,No_newSignal,PTL_isSouodi,PTL_isNozooli,PTL_isNozooli,PTL_isNozooli,Neutral,Neutral,Neutral,Neutral,49.0536085,43.70354748,44.97214865,53.57760003,Edame_Ravand_Souod,Edame_Ravand_Souod,Edame_Ravand_Nozool,Edame_Ravand_Nozool,Neutral,Neutral,Buy Signa,Sell Signal
3.45019802,Ravand mobham_Shayad_Kanal,Ravand_Transient Nozooli To Soodi,Ravand_Transient Soodi To Nozooli,Ravand_Transient Soodi To Nozooli,Ravand mobham_Shayad_Kanal,Ravand mobham_Shayad_Kanal,Ravand_Transient Soodi To Nozooli,Ravand mobham_Shayad_Kanal,No_newSignal,No_newSignal,No_newSignal,No_newSignal,PTL_isSouodi,PTL_isSouodi,PTL_isSouodi,PTL_isNeutral,Neutral,Neutral,Neutral,Neutral,45.12439316,51.88812023,54.41450253,56.103838,Edame_Ravand_Nozool,Edame_Ravand_Nozool,Edame_Ravand_Souod,Edame_Ravand_Nozool,Neutral,Neutral,Neutral,Neutral
21.93019802,Ravand mobham_Shayad_Kanal,Ravand mobham_Shayad_Kanal,Ravand mobham_Shayad_Kanal,Ravand_Transient Soodi To Nozooli,Ravand mobham_Shayad_Kanal,Ravand mobham_Shayad_Kanal,Ravand mobham_Shayad_Kanal,Ravand_Transient Soodi To Nozooli,No_newSignal,No_newSignal,No_newSignal,Buy Signa_StartSouod,PTL_isSouodi,PTL_isNeutral,PTL_isSouodi,PTL_isSouodi,Neutral,Neutral,OB_Ehtiait_Nozool,OB_Ehtiait_Nozool,55.83581298,62.94744525,77.02434853,71.02418024,Edame_Ravand_Souod,Edame_Ravand_Nozool,Edame_Ravand_Souod,Edame_Ravand_Souod,Buy Signa,Neutral,Neutral,Neutral
-13.51980198,Ravand mobham_Shayad_Kanal,Ravand_Transient Nozooli To Soodi,Ravand Nozooli,Ravand mobham_Shayad_Kanal,Ravand mobham_Shayad_Kanal,Ravand_Transient Nozooli To Soodi,Ravand Nozooli,Ravand mobham_Shayad_Kanal,No_newSignal,No_newSignal,No_newSignal,No_newSignal,PTL_isNeutral,PTL_isNozooli,PTL_isNozooli,PTL_isSouodi,Neutral,Neutral,Neutral,Neutral,41.7470257,36.33350429,48.41480776,58.08408529,Edame_Ravand_Souod,Edame_Ravand_Nozool,Edame_Ravand_Nozool,Ehtemale_Start_Nozool,Neutral,Neutral,Sell Signal,Neutral
-0.28980198,Ravand mobham_Shayad_Kanal,Ravand mobham_Shayad_Kanal,Ravand mobham_Shayad_Kanal,Ravand mobham_Shayad_Kanal,Ravand mobham_Shayad_Kanal,Ravand mobham_Shayad_Kanal,Ravand mobham_Shayad_Kanal,Ravand mobham_Shayad_Kanal,No_newSignal,No_newSignal,No_newSignal,No_newSignal,PTL_isNozooli,PTL_isNozooli,PTL_isNeutral,PTL_isSouodi,Neutral,Neutral,Neutral,Neutral,44.14520363,40.47108113,46.4328879,57.93860644,Edame_Ravand_Souod,Edame_Ravand_Nozool,Edame_Ravand_Nozool,Edame_Ravand_Nozool,Neutral,OS_Ehtiait_Souod,Neutral,Neutral
4.59019802,Ravand mobham_Shayad_Kanal,Ravand mobham_Shayad_Kanal,Ravand mobham_Shayad_Kanal,Ravand mobham_Shayad_Kanal,Ravand mobham_Shayad_Kanal,Ravand mobham_Shayad_Kanal,Ravand mobham_Shayad_Kanal,Ravand mobham_Shayad_Kanal,No_newSignal,No_newSignal,No_newSignal,No_newSignal,PTL_isNeutral,PTL_isNeutral,PTL_isNeutral,PTL_isSouodi,Neutral,Neutral,Neutral,Neutral,56.80562483,54.54399891,52.44286923,60.48965699,Edame_Ravand_Souod,Edame_Ravand_Souod,Edame_Ravand_Nozool,Edame_Ravand_Souod,OB_Ehtiait_Nozool,Neutral,Neutral,Neutral
-0.90980198,Ravand_Transient Soodi To Nozooli,Ravand mobham_Shayad_Kanal,Ravand_Transient Nozooli To Soodi,Ravand mobham_Shayad_Kanal,Ravand mobham_Shayad_Kanal,Ravand mobham_Shayad_Kanal,Ravand mobham_Shayad_Kanal,Ravand mobham_Shayad_Kanal,No_newSignal,No_newSignal,No_newSignal,No_newSignal,PTL_isNozooli,PTL_isNozooli,PTL_isNeutral,PTL_isSouodi,Neutral,Neutral,Neutral,Neutral,40.29238529,39.68644451,47.82955779,59.81094646,Edame_Ravand_Souod,Edame_Ravand_Nozool,Edame_Ravand_Nozool,Ehtemale_Start_Nozool,Neutral,Buy Signa,Neutral,Neutral
23.96019802,Ravand mobham_Shayad_Kanal,Ravand mobham_Shayad_Kanal,Ravand_Transient Soodi To Nozooli,Ravand_Transient Soodi To Nozooli,Ravand mobham_Shayad_Kanal,Ravand mobham_Shayad_Kanal,Ravand_Transient Soodi To Nozooli,Ravand_Transient Soodi To Nozooli,No_newSignal,No_newSignal,No_newSignal,No_newSignal,PTL_isNozooli,PTL_isSouodi,PTL_isSouodi,PTL_isSouodi,Neutral,OB_Ehtiait_Nozool,Neutral,OB_Ehtiait_Nozool,53.08692425,73.06161736,67.30974953,70.6486089,Edame_Ravand_Nozool,Edame_Ravand_Nozool,Edame_Ravand_Souod,Edame_Ravand_Souod,Neutral,Neutral,Sell Signal,Neutral
11.79019802,Ravand mobham_Shayad_Kanal,Ravand mobham_Shayad_Kanal,Ravand mobham_Shayad_Kanal,Ravand_Transient Soodi To Nozooli,Ravand mobham_Shayad_Kanal,Ravand mobham_Shayad_Kanal,Ravand mobham_Shayad_Kanal,Ravand_Transient Soodi To Nozooli,No_newSignal,No_newSignal,No_newSignal,No_newSignal,PTL_isNeutral,PTL_isNeutral,PTL_isSouodi,PTL_isSouodi,Neutral,Neutral,Neutral,OB_Ehtiait_Nozool,44.92610097,53.80584542,63.83189592,73.07732271,Edame_Ravand_Nozool,Edame_Ravand_Nozool,Ehtemale_Start_Nozool,Edame_Ravand_Souod,Buy Signa,Sell Signal,Neutral,Neutral
2.91019802,Ravand mobham_Shayad_Kanal,Ravand mobham_Shayad_Kanal,Ravand mobham_Shayad_Kanal,Ravand mobham_Shayad_Kanal,Ravand mobham_Shayad_Kanal,Ravand mobham_Shayad_Kanal,Ravand mobham_Shayad_Kanal,Ravand mobham_Shayad_Kanal,No_newSignal,No_newSignal,No_newSignal,No_newSignal,PTL_isSouodi,PTL_isNozooli,PTL_isNeutral,PTL_isSouodi,Neutral,Neutral,Neutral,OB_Ehtiait_Nozool,50.27088713,51.15534766,64.01439005,75.72577636,Edame_Ravand_Souod,Edame_Ravand_Nozool,Edame_Ravand_Nozool,Edame_Ravand_Souod,Neutral,Neutral,Buy Signa,Sell Signal
-7.25980198,Ravand Soodi,Ravand mobham_Shayad_Kanal,Ravand mobham_Shayad_Kanal,Ravand mobham_Shayad_Kanal,Ravand mobham_Shayad_Kanal,Ravand mobham_Shayad_Kanal,Ravand mobham_Shayad_Kanal,Ravand mobham_Shayad_Kanal,No_newSignal,No_newSignal,No_newSignal,No_newSignal,PTL_isSouodi,PTL_isNozooli,PTL_isNozooli,PTL_isSouodi,Neutral,Neutral,Neutral,Neutral,49.4293585,40.36357768,54.22962103,69.94598368,Edame_Ravand_Souod,Ehtemale_Start_Souod,Edame_Ravand_Nozool,Edame_Ravand_Souod,Neutral,Neutral,Buy Signa,Neutral
11.33019802,Ravand mobham_Shayad_Kanal,Ravand mobham_Shayad_Kanal,Ravand_Transient Soodi To Nozooli,Ravand mobham_Shayad_Kanal,Ravand mobham_Shayad_Kanal,Ravand mobham_Shayad_Kanal,Ravand_Transient Soodi To Nozooli,Ravand mobham_Shayad_Kanal,No_newSignal,No_newSignal,Buy Signa_StartSouod,No_newSignal,PTL_isSouodi,PTL_isSouodi,PTL_isSouodi,PTL_isSouodi,Neutral,Neutral,Neutral,OB_Ehtiait_Nozool,58.48985051,63.95371382,63.5900806,73.29924199,Edame_Ravand_Nozool,Edame_Ravand_Souod,Edame_Ravand_Souod,Edame_Ravand_Souod,Neutral,Buy Signa,Neutral,Sell Signal
-2.93980198,Ravand Soodi,Ravand mobham_Shayad_Kanal,Ravand mobham_Shayad_Kanal,Ravand mobham_Shayad_Kanal,Ravand mobham_Shayad_Kanal,Ravand mobham_Shayad_Kanal,Ravand mobham_Shayad_Kanal,Ravand mobham_Shayad_Kanal,No_newSignal,No_newSignal,No_newSignal,No_newSignal,PTL_isNeutral,PTL_isNozooli,PTL_isSouodi,PTL_isSouodi,Neutral,Neutral,Neutral,OB_Ehtiait_Nozool,53.70859818,52.08538755,58.02856558,70.85605967,Ehtemale_Start_Souod,Edame_Ravand_Souod,Edame_Ravand_Nozool,Edame_Ravand_Souod,Neutral,Neutral,Buy Signa,Buy Signa
3.90019802,Ravand_Transient Soodi To Nozooli,Ravand_Transient Soodi To Nozooli,Ravand Soodi,Ravand mobham_Shayad_Kanal,Ravand_Transient Soodi To Nozooli,Ravand_Transient Soodi To Nozooli,Ravand Soodi,Ravand mobham_Shayad_Kanal,No_newSignal,No_newSignal,No_newSignal,No_newSignal,PTL_isSouodi,PTL_isSouodi,PTL_isSouodi,PTL_isSouodi,OB_Ehtiait_Nozool,Neutral,Neutral,OB_Ehtiait_Nozool,76.41351035,69.74878258,63.87459744,72.23807368,Edame_Ravand_Souod,Edame_Ravand_Souod,Ehtemale_Start_Souod,Edame_Ravand_Souod,Neutral,Neutral,Sell Signal,Sell Signal
11.11019802,Ravand mobham_Shayad_Kanal,Ravand mobham_Shayad_Kanal,Ravand mobham_Shayad_Kanal,Ravand_Transient Soodi To Nozooli,Ravand mobham_Shayad_Kanal,Ravand mobham_Shayad_Kanal,Ravand mobham_Shayad_Kanal,Ravand_Transient Soodi To Nozooli,No_newSignal,No_newSignal,No_newSignal,No_newSignal,PTL_isNozooli,PTL_isNeutral,PTL_isSouodi,PTL_isSouodi,Neutral,Neutral,Neutral,OB_Ehtiait_Nozool,51.55913182,57.49483035,67.7094285,75.26615558,Ehtemale_Start_Souod,Edame_Ravand_Nozool,Ehtemale_Start_Nozool,Edame_Ravand_Souod,Buy Signa,Neutral,Neutral,Buy Signa
-14.39980198,Ravand_Transient Nozooli To Soodi,Ravand_Transient Nozooli To Soodi,Ravand Nozooli,Ravand mobham_Shayad_Kanal,Ravand_Transient Nozooli To Soodi,Ravand_Transient Nozooli To Soodi,Ravand Nozooli,Ravand mobham_Shayad_Kanal,No_newSignal,No_newSignal,No_newSignal,No_newSignal,PTL_isNozooli,PTL_isNozooli,PTL_isNozooli,PTL_isSouodi,OS_Ehtiait_Souod,OS_Ehtiait_Souod,Neutral,Neutral,23.79364906,25.00520035,42.03873679,64.25453043,Edame_Ravand_Nozool,Edame_Ravand_Nozool,Edame_Ravand_Nozool,Ehtemale_Start_Nozool,Buy Signa,Buy Signa,OS_Ehtiait_Souod,Neutral
-3.62980198,Ravand Soodi,Ravand mobham_Shayad_Kanal,Ravand mobham_Shayad_Kanal,Ravand_Transient Nozooli To Soodi,Ravand mobham_Shayad_Kanal,Ravand mobham_Shayad_Kanal,Ravand mobham_Shayad_Kanal,Ravand mobham_Shayad_Kanal,No_newSignal,No_newSignal,No_newSignal,No_newSignal,PTL_isNeutral,PTL_isNozooli,PTL_isNozooli,PTL_isNeutral,Neutral,Neutral,Neutral,Neutral,41.17660812,34.78326919,37.14526012,61.18549388,Edame_Ravand_Souod,Ehtemale_Start_Souod,Edame_Ravand_Nozool,Edame_Ravand_Nozool,Neutral,Neutral,Neutral,Neutral
5.89019802,Ravand mobham_Shayad_Kanal,Ravand mobham_Shayad_Kanal,Ravand_Transient Soodi To Nozooli,Ravand mobham_Shayad_Kanal,Ravand mobham_Shayad_Kanal,Ravand mobham_Shayad_Kanal,Ravand mobham_Shayad_Kanal,Ravand mobham_Shayad_Kanal,No_newSignal,No_newSignal,No_newSignal,No_newSignal,PTL_isSouodi,PTL_isSouodi,PTL_isNeutral,PTL_isNeutral,Neutral,Neutral,Neutral,Neutral,52.8079563,55.97589267,48.35334519,63.63571498,Edame_Ravand_Nozool,Edame_Ravand_Souod,Edame_Ravand_Souod,Edame_Ravand_Nozool,Neutral,Neutral,OB_Ehtiait_Nozool,Neutral
-2.67980198,Ravand Nozooli,Ravand mobham_Shayad_Kanal,Ravand mobham_Shayad_Kanal,Ravand mobham_Shayad_Kanal,Ravand mobham_Shayad_Kanal,Ravand mobham_Shayad_Kanal,Ravand mobham_Shayad_Kanal,Ravand mobham_Shayad_Kanal,No_newSignal,No_newSignal,No_newSignal,No_newSignal,PTL_isNozooli,PTL_isNeutral,PTL_isNeutral,PTL_isNeutral,Neutral,Neutral,Neutral,Neutral,43.71886956,49.02608901,45.96317963,61.95092016,Edame_Ravand_Nozool,Edame_Ravand_Nozool,Edame_Ravand_Souod,Edame_Ravand_Nozool,Neutral,Buy Signa,Neutral,Buy Signa
5.63019802,Ravand mobham_Shayad_Kanal,Ravand mobham_Shayad_Kanal,Ravand_Transient Soodi To Nozooli,Ravand mobham_Shayad_Kanal,Ravand mobham_Shayad_Kanal,Ravand mobham_Shayad_Kanal,Ravand_Transient Soodi To Nozooli,Ravand mobham_Shayad_Kanal,No_newSignal,No_newSignal,No_newSignal,No_newSignal,PTL_isNeutral,PTL_isSouodi,PTL_isSouodi,PTL_isNeutral,Neutral,Neutral,Neutral,Neutral,61.69292978,66.72806829,57.9775094,64.36922124,Edame_Ravand_Nozool,Edame_Ravand_Souod,Edame_Ravand_Souod,Edame_Ravand_Nozool,Neutral,Sell Signal,Neutral,Neutral
-3.20980198,Ravand mobham_Shayad_Kanal,Ravand mobham_Shayad_Kanal,Ravand mobham_Shayad_Kanal,Ravand mobham_Shayad_Kanal,Ravand mobham_Shayad_Kanal,Ravand mobham_Shayad_Kanal,Ravand mobham_Shayad_Kanal,Ravand mobham_Shayad_Kanal,No_newSignal,No_newSignal,No_newSignal,No_newSignal,PTL_isNeutral,PTL_isNeutral,PTL_isSouodi,PTL_isNeutral,Neutral,Neutral,Neutral,Neutral,49.59050092,49.90040973,50.58976979,62.07878092,Edame_Ravand_Souod,Edame_Ravand_Nozool,Edame_Ravand_Nozool,Edame_Ravand_Nozool,Neutral,Neutral,Neutral,Neutral
-5.87980198,Ravand mobham_Shayad_Kanal,Ravand mobham_Shayad_Kanal,Ravand_Transient Nozooli To Soodi,Ravand mobham_Shayad_Kanal,Ravand mobham_Shayad_Kanal,Ravand mobham_Shayad_Kanal,Ravand_Transient Nozooli To Soodi,Ravand mobham_Shayad_Kanal,No_newSignal,No_newSignal,No_newSignal,No_newSignal,PTL_isNozooli,PTL_isNozooli,PTL_isNeutral,PTL_isNeutral,Neutral,Neutral,Neutral,Neutral,36.8982658,32.25268617,37.7518984,57.93350423,Edame_Ravand_Souod,Edame_Ravand_Nozool,Edame_Ravand_Nozool,Edame_Ravand_Nozool,Neutral,Buy Signa,Neutral,Sell Signal
-3.93980198,Ravand mobham_Shayad_Kanal,Ravand mobham_Shayad_Kanal,Ravand mobham_Shayad_Kanal,Ravand_Transient Nozooli To Soodi,Ravand mobham_Shayad_Kanal,Ravand mobham_Shayad_Kanal,Ravand mobham_Shayad_Kanal,Ravand_Transient Nozooli To Soodi,No_newSignal,No_newSignal,No_newSignal,Sell Signal_StartNozool,PTL_isSouodi,PTL_isNozooli,PTL_isNozooli,PTL_isNozooli,Neutral,Neutral,Neutral,Neutral,46.73559803,37.50932787,33.11318745,55.38225969,Edame_Ravand_Souod,Edame_Ravand_Souod,Edame_Ravand_Nozool,Edame_Ravand_Nozool,Neutral,Sell Signal,Neutral,Neutral
0.77019802,Ravand mobham_Shayad_Kanal,Ravand mobham_Shayad_Kanal,Ravand mobham_Shayad_Kanal,Ravand mobham_Shayad_Kanal,Ravand mobham_Shayad_Kanal,Ravand mobham_Shayad_Kanal,Ravand mobham_Shayad_Kanal,Ravand mobham_Shayad_Kanal,No_newSignal,No_newSignal,No_newSignal,No_newSignal,PTL_isNozooli,PTL_isNozooli,PTL_isNozooli,PTL_isNozooli,Neutral,Neutral,Neutral,Neutral,40.42851151,44.12201163,40.21148048,56.03487744,Edame_Ravand_Souod,Edame_Ravand_Nozool,Edame_Ravand_Nozool,Edame_Ravand_Nozool,Neutral,Neutral,Neutral,Buy Signa
0.96019802,Ravand_Transient_Ravand_Mobham,Ravand mobham_Shayad_Kanal,Ravand_Transient Nozooli To Soodi,Ravand mobham_Shayad_Kanal,Ravand mobham_Shayad_Kanal,Ravand mobham_Shayad_Kanal,Ravand mobham_Shayad_Kanal,Ravand mobham_Shayad_Kanal,No_newSignal,No_newSignal,No_newSignal,No_newSignal,PTL_isSouodi,PTL_isNozooli,PTL_isNozooli,PTL_isNozooli,Neutral,Neutral,Neutral,Neutral,48.10237268,46.76295665,46.53130997,56.97996251,Edame_Ravand_Souod,Edame_Ravand_Nozool,Ehtemale_Start_Souod,Edame_Ravand_Nozool,Sell Signal,Neutral,Neutral,Neutral
5.44019802,Ravand mobham_Shayad_Kanal,Ravand mobham_Shayad_Kanal,Ravand_Transient Soodi To Nozooli,Ravand mobham_Shayad_Kanal,Ravand mobham_Shayad_Kanal,Ravand mobham_Shayad_Kanal,Ravand_Transient Soodi To Nozooli,Ravand mobham_Shayad_Kanal,No_newSignal,No_newSignal,No_newSignal,No_newSignal,PTL_isNeutral,PTL_isSouodi,PTL_isNozooli,PTL_isNozooli,Neutral,Neutral,Neutral,Neutral,58.19384453,64.26632308,57.87824283,60.06299935,Edame_Ravand_Nozool,Edame_Ravand_Souod,Edame_Ravand_Souod,Edame_Ravand_Nozool,Neutral,Neutral,OB_Ehtiait_Nozool,Neutral
-6.41980198,Ravand mobham_Shayad_Kanal,Ravand mobham_Shayad_Kanal,Ravand_Transient Nozooli To Soodi,Ravand mobham_Shayad_Kanal,Ravand mobham_Shayad_Kanal,Ravand mobham_Shayad_Kanal,Ravand mobham_Shayad_Kanal,Ravand mobham_Shayad_Kanal,No_newSignal,No_newSignal,No_newSignal,No_newSignal,PTL_isNozooli,PTL_isNozooli,PTL_isNozooli,PTL_isNozooli,Neutral,Neutral,Neutral,Neutral,38.86007917,35.90935957,43.99200459,55.09322347,Edame_Ravand_Souod,Edame_Ravand_Nozool,Edame_Ravand_Nozool,Edame_Ravand_Nozool,Neutral,OS_Ehtiait_Souod,Neutral,Neutral
-7.87980198,Ravand mobham_Shayad_Kanal,Ravand mobham_Shayad_Kanal,Ravand_Transient Nozooli To Soodi,Ravand_Transient Nozooli To Soodi,Ravand mobham_Shayad_Kanal,Ravand mobham_Shayad_Kanal,Ravand_Transient Nozooli To Soodi,Ravand_Transient Nozooli To Soodi,No_newSignal,No_newSignal,No_newSignal,No_newSignal,PTL_isNeutral,PTL_isNozooli,PTL_isNozooli,PTL_isNozooli,Neutral,OS_Ehtiait_Souod,Neutral,Neutral,42.69233588,28.80025384,33.83440757,49.85983408,Edame_Ravand_Souod,Ehtemale_Start_Souod,Edame_Ravand_Nozool,Edame_Ravand_Nozool,Neutral,Neutral,OS_Ehtiait_Souod,Neutral
-1.63980198,Ravand mobham_Shayad_Kanal,Ravand_Transient Nozooli To Soodi,Ravand Nozooli,Ravand Nozooli,Ravand mobham_Shayad_Kanal,Ravand_Transient Nozooli To Soodi,Ravand Nozooli,Ravand Nozooli,No_newSignal,No_newSignal,No_newSignal,No_newSignal,PTL_isNozooli,PTL_isNozooli,PTL_isNozooli,PTL_isNozooli,OS_Ehtiait_Souod,Neutral,Neutral,Neutral,27.26096633,30.78425803,33.88194537,48.63538222,Edame_Ravand_Nozool,Edame_Ravand_Nozool,Ehtemale_Start_Nozool,Edame_Ravand_Nozool,Neutral,Sell Signal,Sell Signal,Neutral
-12.73980198,Ravand mobham_Shayad_Kanal,Ravand mobham_Shayad_Kanal,Ravand_Transient Nozooli To Soodi,Ravand_Transient Nozooli To Soodi,Ravand mobham_Shayad_Kanal,Ravand mobham_Shayad_Kanal,Ravand_Transient Nozooli To Soodi,Ravand_Transient Nozooli To Soodi,No_newSignal,No_newSignal,No_newSignal,No_newSignal,PTL_isNeutral,PTL_isNozooli,PTL_isNozooli,PTL_isNozooli,Neutral,Neutral,OS_Ehtiait_Souod,Neutral,45.38631585,33.14636132,21.94503899,42.07229781,Edame_Ravand_Souod,Edame_Ravand_Souod,Edame_Ravand_Nozool,Edame_Ravand_Nozool,Neutral,Neutral,OS_Ehtiait_Souod,OS_Ehtiait_Souod
9.62019802,Ravand mobham_Shayad_Kanal,Ravand mobham_Shayad_Kanal,Ravand_Transient Soodi To Nozooli,Ravand mobham_Shayad_Kanal,Ravand mobham_Shayad_Kanal,Ravand mobham_Shayad_Kanal,Ravand mobham_Shayad_Kanal,Ravand mobham_Shayad_Kanal,No_newSignal,No_newSignal,No_newSignal,No_newSignal,PTL_isNeutral,PTL_isSouodi,PTL_isSouodi,PTL_isNozooli,Neutral,Neutral,Neutral,Neutral,61.89128301,69.17456169,46.86860349,48.15886078,Edame_Ravand_Nozool,Edame_Ravand_Souod,Edame_Ravand_Souod,Edame_Ravand_Nozool,Neutral,Neutral,Sell Signal,Neutral
-1.14980198,Ravand mobham_Shayad_Kanal,Ravand mobham_Shayad_Kanal,Ravand_Transient Nozooli To Soodi,Ravand mobham_Shayad_Kanal,Ravand mobham_Shayad_Kanal,Ravand mobham_Shayad_Kanal,Ravand mobham_Shayad_Kanal,Ravand mobham_Shayad_Kanal,No_newSignal,No_newSignal,No_newSignal,No_newSignal,PTL_isNeutral,PTL_isNozooli,PTL_isNeutral,PTL_isNozooli,Neutral,Neutral,Neutral,Neutral,43.35643749,44.71574351,45.45920396,47.69476248,Edame_Ravand_Souod,Edame_Ravand_Nozool,Ehtemale_Start_Souod,Edame_Ravand_Nozool,Neutral,Neutral,Neutral,Neutral
0.87019802,Ravand_Transient Soodi To Nozooli,Ravand_Transient Soodi To Nozooli,Ravand mobham_Shayad_Kanal,Ravand mobham_Shayad_Kanal,Ravand_Transient Soodi To Nozooli,Ravand mobham_Shayad_Kanal,Ravand mobham_Shayad_Kanal,Ravand mobham_Shayad_Kanal,No_newSignal,No_newSignal,No_newSignal,No_newSignal,PTL_isSouodi,PTL_isNeutral,PTL_isSouodi,PTL_isNozooli,Neutral,Neutral,Neutral,Neutral,51.26408154,48.06865381,47.09294928,48.26461697,Edame_Ravand_Souod,Edame_Ravand_Souod,Edame_Ravand_Souod,Edame_Ravand_Nozool,Neutral,Neutral,Neutral,Neutral
-1.38980198,Ravand mobham_Shayad_Kanal,Ravand_Transient Soodi To Nozooli,Ravand mobham_Shayad_Kanal,Ravand mobham_Shayad_Kanal,Ravand mobham_Shayad_Kanal,Ravand mobham_Shayad_Kanal,Ravand mobham_Shayad_Kanal,Ravand mobham_Shayad_Kanal,No_newSignal,No_newSignal,No_newSignal,No_newSignal,PTL_isNeutral,PTL_isNeutral,PTL_isNozooli,PTL_isNozooli,Neutral,Neutral,Neutral,Neutral,58.14850652,46.8187859,45.2802049,47.48764131,Edame_Ravand_Souod,Edame_Ravand_Souod,Edame_Ravand_Nozool,Edame_Ravand_Nozool,Neutral,Neutral,Buy Signa,Neutral
6.37019802,Ravand mobham_Shayad_Kanal,Ravand mobham_Shayad_Kanal,Ravand mobham_Shayad_Kanal,Ravand_Transient Soodi To Nozooli,Ravand mobham_Shayad_Kanal,Ravand mobham_Shayad_Kanal,Ravand mobham_Shayad_Kanal,Ravand mobham_Shayad_Kanal,No_newSignal,No_newSignal,No_newSignal,No_newSignal,PTL_isNeutral,PTL_isSouodi,PTL_isSouodi,PTL_isNozooli,Neutral,Neutral,Neutral,Neutral,51.60148149,57.00920823,56.83469191,52.01022031,Edame_Ravand_Souod,Edame_Ravand_Nozool,Edame_Ravand_Souod,Edame_Ravand_Souod,Neutral,Neutral,Neutral,Neutral
4.24019802,Ravand mobham_Shayad_Kanal,Ravand mobham_Shayad_Kanal,Ravand mobham_Shayad_Kanal,Ravand mobham_Shayad_Kanal,Ravand mobham_Shayad_Kanal,Ravand mobham_Shayad_Kanal,Ravand mobham_Shayad_Kanal,Ravand mobham_Shayad_Kanal,No_newSignal,No_newSignal,No_newSignal,No_newSignal,PTL_isSouodi,PTL_isSouodi,PTL_isSouodi,PTL_isNozooli,Neutral,Neutral,Neutral,Neutral,64.17091111,62.80527328,61.90265761,54.47846916,Edame_Ravand_Nozool,Edame_Ravand_Souod,Edame_Ravand_Souod,Edame_Ravand_Souod,Buy Signa,Sell Signal,Neutral,Neutral
4.60019802,Ravand mobham_Shayad_Kanal,Ravand mobham_Shayad_Kanal,Ravand_Transient Soodi To Nozooli,Ravand_Transient Soodi To Nozooli,Ravand mobham_Shayad_Kanal,Ravand mobham_Shayad_Kanal,Ravand_Transient Soodi To Nozooli,Ravand mobham_Shayad_Kanal,No_newSignal,No_newSignal,No_newSignal,Buy Signa_StartSouod,PTL_isNeutral,PTL_isNeutral,PTL_isSouodi,PTL_isSouodi,Neutral,Neutral,Neutral,Neutral,45.41120518,55.62056864,65.06911311,57.1055909,Edame_Ravand_Souod,Edame_Ravand_Nozool,Edame_Ravand_Souod,Edame_Ravand_Souod,Neutral,Neutral,Neutral,OB_Ehtiait_Nozool
-4.88980198,Ravand mobham_Shayad_Kanal,Ravand mobham_Shayad_Kanal,Ravand_Transient Nozooli To Soodi,Ravand mobham_Shayad_Kanal,Ravand mobham_Shayad_Kanal,Ravand mobham_Shayad_Kanal,Ravand_Transient Nozooli To Soodi,Ravand mobham_Shayad_Kanal,No_newSignal,No_newSignal,No_newSignal,No_newSignal,PTL_isSouodi,PTL_isNozooli,PTL_isNozooli,PTL_isSouodi,Neutral,Neutral,Neutral,Neutral,48.72734239,39.67905108,51.489176,53.60190993,Edame_Ravand_Souod,Edame_Ravand_Souod,Edame_Ravand_Nozool,Edame_Ravand_Souod,Buy Signa,Neutral,OS_Ehtiait_Souod,Neutral
